idType,idNumber,name,lastName,phone,address
1,739-54-2840,Dennis,Connal,2001,1055 Buell Place
2,474-07-9006,Fowler,Jeandin,1999,5528 Roth Plaza
3,814-27-6150,Eileen,Zammitt,2007,88 Mallory Center
4,591-83-5897,Casey,Matthiae,1995,46 Elgar Point
5,651-13-9893,Worden,Doding,2011,6 Mesta Court
6,657-93-8168,Padriac,Jancar,2010,47935 Mandrake Center
7,152-49-9530,Armstrong,Paolotto,2006,95 Boyd Place
8,572-92-5943,Genna,Beltzner,2012,2 Stang Avenue
9,687-81-0590,Bartholomew,Lindwasser,2007,7025 Brown Point
10,337-95-2276,Lark,Longhorne,2001,9414 Knutson Trail
11,767-27-5551,Tove,Fritche,1963,31 Mitchell Pass
12,347-73-5844,Ariela,Cowmeadow,2002,1305 Eggendart Lane
13,812-16-4869,Brianna,Leborgne,2000,2 New Castle Drive
14,599-24-1240,Constantin,Fishpoole,2001,3 Veith Crossing
15,585-75-9118,Maia,Ticksall,2007,1 Kenwood Avenue
16,186-29-1107,Giuseppe,Kemp,1994,5460 Mitchell Circle
17,764-67-9200,Lanita,Vernham,1970,63321 Brickson Park Place
18,882-41-3596,Ailbert,Lathy,2000,1924 Elgar Park
19,779-12-8538,Sharl,Pentony,1992,3500 Chive Lane
20,342-05-6948,Edwina,Mathis,2005,944 Chive Trail
21,876-56-4286,Allie,Wavish,2007,71 Badeau Trail
22,289-58-4653,Nita,Esome,2006,70 Mayer Place
23,594-40-5429,Eugenie,Vamplers,2012,4186 Heffernan Terrace
24,599-62-2055,Ammamaria,Rustan,1987,8490 Crescent Oaks Pass
25,121-54-1522,Karita,Harman,1994,34 Melby Point
26,569-04-6192,Morlee,Romanini,1995,4 Independence Point
27,771-22-0349,Dall,Wimbridge,1993,077 Bluejay Terrace
28,215-61-1986,Jarred,Meriet,2011,766 Hanover Circle
29,538-09-9928,Darsey,Simcox,1999,8 Kennedy Plaza
30,372-46-7052,Carlie,Crosio,1992,825 Clyde Gallagher Lane
31,232-09-6609,Isak,Sansome,1992,48 Bowman Plaza
32,623-44-8551,Egor,Doel,1994,2 Oak Road
33,412-02-0093,Lucky,Duding,2000,783 Everett Parkway
34,810-43-1117,Pamela,O'Halleghane,1995,52853 Memorial Park
35,360-62-5849,Konrad,Gilli,2001,93125 Haas Parkway
36,541-74-2520,Giana,Clinch,2009,238 Red Cloud Circle
37,240-83-7624,Annamarie,O'Reagan,2008,4 Glendale Court
38,894-36-5139,Pearce,Studart,2007,85040 Shopko Alley
39,881-74-1295,Hamlen,Petyankin,2001,42895 Packers Avenue
40,323-56-7259,Nissie,Allderidge,1997,842 Badeau Drive
41,342-26-6135,Colleen,Vannini,2009,92 Pleasure Drive
42,639-53-9086,Bastien,Meiklem,2005,7 Bellgrove Junction
43,363-33-5527,Emmy,Cordeiro,2010,424 Armistice Court
44,510-18-2164,Lynn,Ludman,2011,68 Caliangt Parkway
45,330-22-1004,Marie,Leser,1956,259 Barby Street
46,314-52-7932,Jenda,Ryan,2005,46 Daystar Hill
47,141-92-9337,Cecil,Malatalant,2007,376 Ludington Way
48,848-53-5739,Aguie,Rubinchik,2007,40527 Ronald Regan Circle
49,438-50-5062,Britte,Doudny,2009,50947 Rieder Plaza
50,626-21-3022,Arny,Dunrige,2008,63219 Holy Cross Lane
51,236-28-9102,Marji,Roof,1992,73 Sunnyside Point
52,277-41-6025,Lacy,Ambridge,2001,5392 Service Place
53,775-20-9382,Sadye,Pharo,1994,3 Meadow Valley Plaza
54,379-51-9649,Lucho,Greeveson,2005,52961 Milwaukee Avenue
55,576-18-9634,Constantina,Southern,1985,61269 Lyons Point
56,318-40-1269,Josefa,Todaro,1999,650 Elka Point
57,530-87-3012,Alie,Geale,1974,726 Washington Court
58,614-48-8274,Carmel,Netley,2001,43 Monica Trail
59,604-08-4768,Westbrooke,Kemball,2000,9 Briar Crest Junction
60,624-06-6634,Kizzie,Dillingham,2002,565 Glendale Trail
61,417-97-3907,Kerrill,Barnfather,2005,245 Arizona Drive
62,398-41-3602,Perceval,Hamprecht,2009,5458 Waxwing Junction
63,882-99-2739,Lani,Glenny,2010,817 Charing Cross Way
64,563-96-2385,Marieann,Hutfield,2005,028 Grayhawk Junction
65,473-36-8418,Cori,Stickings,2003,13947 American Parkway
66,438-40-3152,Skye,Pervew,1998,58 Homewood Circle
67,794-01-9705,Lionel,Cheverell,2010,3673 Lighthouse Bay Street
68,742-74-9290,Lela,Kisby,2009,00 Dovetail Alley
69,331-08-1949,Hertha,Featherstonehaugh,1988,971 Roxbury Center
70,183-62-9143,Bill,Pattenden,1996,7739 Steensland Circle
71,766-95-9294,Jule,Daniaud,1989,914 Golden Leaf Road
72,744-64-4915,Constantin,Bakeup,2007,6259 Rusk Junction
73,877-39-7247,Brianna,Kearsley,1983,48448 Division Way
74,202-49-0871,Web,Jagson,1986,84596 Declaration Place
75,661-60-6925,Aaren,Feldheim,2010,9 Rutledge Park
76,657-26-1111,Francesco,Dugald,1987,577 Mifflin Plaza
77,474-01-4459,Mort,Fautley,2007,694 Kropf Pass
78,612-59-5369,Marty,Adrienne,2004,007 Marquette Parkway
79,841-93-5691,Gerry,Chopin,2008,32 Northland Plaza
80,100-73-0497,Leland,Doche,1999,46818 Union Pass
81,606-91-2847,Cirilo,Keynd,1997,76913 Quincy Point
82,757-27-5544,Jan,Richardson,1991,2366 Little Fleur Plaza
83,278-87-5159,Sibyl,McEvilly,2002,70 Maple Wood Hill
84,744-47-1028,Ned,Pasterfield,1989,50 Sachtjen Hill
85,747-77-0878,Alikee,McBean,2011,4532 Quincy Point
86,444-47-3183,Amery,McBeith,2009,340 2nd Crossing
87,884-69-9270,Boot,Kalisch,2001,95 Ilene Center
88,440-79-6778,Megen,Keizman,1994,26 Meadow Valley Way
89,676-18-5740,Taylor,Skewis,2009,6 Rigney Point
90,461-62-9393,Gardener,Blest,2009,81 Farwell Court
91,815-98-2969,Bone,Cobbin,1990,1 Buell Alley
92,167-50-6501,Alica,Farris,1993,44 Daystar Pass
93,793-32-8053,Bonny,Dahlbom,2003,4502 Boyd Circle
94,141-74-0363,Celine,Courage,2011,751 Thackeray Point
95,860-97-6060,Tallia,Savin,2009,44003 Morning Point
96,546-07-6000,Kittie,Jochens,1992,5833 Porter Lane
97,786-06-3211,Jorie,Ebhardt,2005,13942 Hermina Court
98,802-06-3475,Nils,Raittie,2008,9 Forest Run Plaza
99,876-01-5178,Corella,Rolf,2000,21 Kings Parkway
100,768-59-8393,Brandtr,Dopson,1997,12810 Butternut Plaza
101,435-39-4425,Verla,Tabard,1997,60376 Becker Street
102,368-80-3670,Kean,Abrahm,1995,7 Corscot Terrace
103,366-94-8432,Farrell,Hamby,2001,984 Eggendart Hill
104,689-54-8634,Ross,Laydon,1994,06 Lotheville Street
105,585-14-3612,Kathryne,Touhig,1992,11 Shasta Street
106,739-57-0621,Xenia,McClymont,1986,39 Hoepker Park
107,478-75-2493,Pedro,Menham,2006,41711 International Street
108,520-08-7900,Amalia,Fairman,1970,586 Elgar Lane
109,573-09-5548,Cristian,Todman,1993,47 Dayton Plaza
110,644-84-6791,Erena,Scolland,2007,562 Northport Lane
111,137-84-2001,Ainslie,Caroline,1994,37 Pleasure Plaza
112,514-80-6854,Demetria,Birchill,2002,2 Acker Crossing
113,457-74-2654,Bill,Brockhurst,2008,41 Spohn Street
114,291-09-0193,Yorgos,Tregoning,1991,40085 Autumn Leaf Lane
115,845-35-9608,Myer,Kuschek,1978,0 Rieder Way
116,587-19-8400,Shelbi,Stadding,1960,3 Colorado Hill
117,267-94-5947,Thadeus,Elsbury,1997,84 Morrow Way
118,535-74-6068,Gunilla,Lanktree,2004,467 Sunfield Plaza
119,236-22-4922,Nevin,Pyer,2004,37 Lyons Place
120,669-84-8107,Madelene,Branche,2004,3439 Haas Pass
121,495-88-6510,Portie,Flemyng,1995,015 Dennis Hill
122,487-89-0383,Levon,Rheam,2003,30554 Nevada Parkway
123,604-58-6641,Gwenneth,Januszkiewicz,2005,0710 Farragut Point
124,622-73-7462,Charmane,Quoit,1979,497 Holy Cross Trail
125,366-76-4674,Marnie,McTrustrie,2008,9195 Jana Lane
126,845-52-6775,Axe,Clitherow,1997,461 Hayes Crossing
127,722-99-1651,Melony,Cuppitt,1993,9046 Warrior Drive
128,692-59-4620,Bambie,Petruskevich,2005,4 Milwaukee Crossing
129,243-39-3277,Rance,Glew,1983,017 Sachtjen Parkway
130,597-50-3508,Theodosia,Bearne,2005,4 Anniversary Plaza
131,150-63-8525,Maurine,Ricci,2013,03 East Avenue
132,272-81-6916,Kristan,Lakeman,1989,3 Dennis Alley
133,342-19-6428,Man,Tittletross,2006,6 Clemons Court
134,701-87-0857,Didi,Clemente,2010,1 Armistice Court
135,699-97-8918,Nerissa,Boyton,2000,3 Elgar Way
136,201-10-5750,Etheline,Harber,2011,301 La Follette Way
137,282-64-3556,Vikky,Torvey,1988,56 Scott Center
138,112-41-3540,Blisse,Tong,2012,51 Bonner Alley
139,371-81-5621,Udell,Muscroft,2011,22 Lighthouse Bay Place
140,142-48-4934,Shelli,Kermott,2004,860 Rutledge Junction
141,639-88-6144,Leia,Szubert,2010,6633 Eliot Pass
142,818-19-7332,Gerick,Meaton,1996,522 Badeau Street
143,629-51-7896,Modesta,Knightsbridge,2008,10 Norway Maple Park
144,622-65-6823,Susanetta,Grout,1995,58 Pawling Plaza
145,743-14-0754,Sallie,Leirmonth,1967,11895 Florence Avenue
146,784-45-8825,Valentia,Lovejoy,2006,42 Stone Corner Circle
147,870-07-5156,Fayre,Ream,2009,78 Kim Crossing
148,489-53-7088,Allegra,Frampton,2006,9767 Lien Plaza
149,360-52-8595,Mahmud,Kliner,2001,91381 Sheridan Circle
150,746-60-1769,Wendeline,Gorringe,2009,8105 Sunbrook Alley
151,680-15-6002,Shaylyn,Ginner,2005,73625 Caliangt Junction
152,445-81-1340,Gaylor,Bakeup,2010,274 Derek Park
153,679-94-6704,Henderson,Dyte,2009,5 Oxford Parkway
154,698-11-0879,Xylina,Hunnawill,1999,80 Sachs Park
155,283-63-3631,Wood,Baldassi,2008,7 American Terrace
156,175-74-8029,Glen,MacIver,2012,78666 Oriole Lane
157,539-71-1362,Isabel,Beelby,2001,30 Ridge Oak Circle
158,699-70-6350,Vickie,Gatesman,2009,862 Golf Course Alley
159,323-98-1936,Hercule,Cleever,2010,671 Di Loreto Park
160,723-90-3110,Ted,McAlindon,2010,85686 Sutteridge Junction
161,799-66-1401,Hurley,Dawltrey,1993,01 Vermont Hill
162,190-85-8833,Edouard,Date,2012,4369 Arizona Circle
163,837-91-7322,Magdalena,Kegan,1994,8 Huxley Crossing
164,447-80-0345,Adelina,Eicke,1996,0723 Cottonwood Way
165,826-48-0567,Christiane,Maric,2002,68 Jackson Parkway
166,162-78-1228,Derward,Tabram,2009,7 Havey Way
167,167-90-5875,Modesty,Thomel,1992,0153 Scoville Circle
168,528-09-4899,Othilia,Knowlman,1999,836 Hollow Ridge Plaza
169,713-55-2958,Silvan,Mannie,2008,4800 Bashford Avenue
170,353-55-5887,Augustin,Kermon,2007,10446 Bay Park
171,818-44-7253,Lora,Filson,2003,15398 Gerald Alley
172,396-13-8780,Tania,Dixon,2006,63 Kennedy Way
173,428-77-8548,Donetta,Dufaire,2012,20090 Parkside Trail
174,224-98-8019,Lydia,Coultous,1996,4 Roth Avenue
175,757-89-3457,Anders,Tinklin,2006,5 Mendota Pass
176,108-77-9406,Fionna,Dries,1993,5529 Walton Plaza
177,198-37-2463,Der,Spawforth,2000,6 Main Way
178,869-58-5686,Imelda,Mangon,2011,9165 Cambridge Street
179,758-91-2299,Barnabas,Croster,2005,0577 Melby Road
180,730-52-7818,Cherlyn,Atherley,1993,72915 Merrick Drive
181,895-57-8558,Daffi,Hamm,2006,3652 Graedel Pass
182,818-65-2661,Baily,Halwell,2008,9617 2nd Road
183,115-95-3303,Sarajane,Hexter,2008,472 American Way
184,229-60-3228,Gratiana,Garrow,2005,06 Melrose Circle
185,457-55-2497,Son,Swate,2012,45 Golf View Parkway
186,852-66-8147,Michaeline,Killiner,1994,35640 Pond Trail
187,596-02-4996,Kendre,Hemms,2006,19806 Vera Way
188,452-83-4011,Bartie,Valencia,1988,4191 Wayridge Alley
189,793-61-6993,Rubi,Dargavel,2009,8802 Eggendart Parkway
190,716-23-7129,Lucienne,Madoc-Jones,1996,47174 Reinke Way
191,589-47-9131,Jaime,Denacamp,2009,9659 Hoepker Drive
192,798-34-3069,Marigold,Dolphin,2011,55 Sachtjen Lane
193,408-67-3199,Jedediah,Hawkett,1988,72195 Prairie Rose Road
194,100-81-4922,Rufus,McCrackan,1985,878 Division Street
195,334-77-9580,Nevins,Covet,1996,3027 Namekagon Road
196,448-46-0138,Elsey,McPhillimey,2011,99391 Coleman Pass
197,452-93-3423,Meredithe,Windrass,1987,9274 Hanson Hill
198,505-82-8447,Daffy,Giannoni,2010,31 Columbus Park
199,183-31-2729,Drusie,Cullabine,2002,93 Comanche Pass
200,273-39-2580,Roz,Thewless,2000,93 Gateway Place
201,825-77-7692,Cathryn,Brum,2012,2741 La Follette Junction
202,617-58-2058,Cornelius,Ellice,2005,3317 Memorial Junction
203,453-95-1002,Madonna,Dullingham,1986,2010 Little Fleur Court
204,881-63-2650,Stoddard,Croome,1993,7027 Northridge Pass
205,113-25-9556,Nicol,Crawley,1997,2319 Killdeer Pass
206,157-83-1479,Roddy,Glave,1985,45593 Brown Plaza
207,255-74-1925,Malia,Danieli,2008,3 Johnson Junction
208,870-01-3233,Greggory,Shovel,1997,796 Di Loreto Junction
209,529-71-9274,Parrnell,Castelli,1999,7 Waxwing Court
210,837-39-7786,Brooks,Deverill,1993,93313 Milwaukee Terrace
211,270-94-1337,Pauletta,Scoggans,2000,533 Shelley Road
212,767-66-9807,Berte,Growcott,2012,8215 Waywood Junction
213,403-95-9640,Gracie,See,1988,6975 Sheridan Court
214,289-97-1069,Suzann,Hilary,2001,7 Swallow Court
215,343-63-5301,Bari,Abbett,2008,7 Eggendart Center
216,739-69-7701,Dexter,Kelmere,1999,7 Portage Park
217,754-15-3720,Mortimer,Yeo,2010,20922 Buhler Junction
218,136-19-4434,Sidney,Perrins,1992,722 Eagle Crest Alley
219,206-85-2899,Devinne,Fancutt,1985,9533 Ronald Regan Circle
220,142-04-2199,Devan,Grishkov,2006,89586 Kipling Terrace
221,487-40-2656,Marybeth,Raimbauld,2007,478 Grayhawk Trail
222,675-21-2309,Thaddus,Bundy,2002,5249 Rigney Center
223,793-28-4014,Pryce,Stollmeier,2008,59 Esch Hill
224,389-25-4553,Emily,Millen,2004,351 Prairie Rose Alley
225,420-09-9382,Wain,Kelbie,2002,0 Amoth Court
226,104-20-0300,Dew,Sarch,2009,172 Quincy Terrace
227,554-28-2327,Jessie,Thomel,2000,292 Portage Pass
228,516-86-2880,Rachelle,Sedgmond,1995,460 Vidon Crossing
229,318-62-2433,Dianna,Armand,1990,8 American Ash Hill
230,591-81-2044,Marmaduke,Satchel,2009,0223 Wayridge Street
231,101-21-3152,Kylen,Gaskal,1988,06929 Thierer Lane
232,670-13-7879,Kaela,Benazet,2003,2 Merry Drive
233,451-24-6531,Thatch,Grannell,1989,6123 Sunfield Avenue
234,763-28-4219,Haydon,Mynett,1993,036 Nobel Drive
235,413-54-8874,Kermie,Knill,1986,233 Prentice Place
236,755-84-9533,Terrie,Blitzer,2002,24 Hanover Parkway
237,787-05-0710,Stephi,Taunton,2002,1 Scott Court
238,228-95-1398,Alexi,Corrigan,2004,492 Novick Trail
239,895-06-1786,Boone,Pranger,2005,54421 Memorial Center
240,443-12-5833,Melisande,Megahey,2012,404 Fairview Court
241,206-37-1068,Marcille,Stealfox,2011,6 Kim Center
242,579-96-8589,Frankie,Dehm,1996,6 Old Shore Hill
243,363-41-2774,Barrie,Greser,2004,27079 Namekagon Circle
244,450-76-6968,Erika,Leney,2000,95 Blackbird Way
245,547-19-7719,Gloria,Champion,1993,9 Mccormick Hill
246,724-86-8488,Marion,Conrad,2012,832 Briar Crest Trail
247,738-49-6792,Hope,Hofer,1988,63569 School Plaza
248,840-11-1186,Madella,Pellitt,1998,26 Muir Junction
249,217-76-8623,Claudio,McCreary,2004,7201 Lighthouse Bay Plaza
250,170-09-7552,Wesley,Whistan,2001,4 Hovde Alley
251,634-92-5095,Duncan,Bonellie,1994,51 Ridge Oak Plaza
252,782-59-3043,Godard,Corington,2002,932 Raven Hill
253,744-80-4629,Saudra,Kirstein,1999,3417 Fallview Pass
254,794-89-4875,Geri,Breslau,1988,7664 Ramsey Place
255,329-64-8666,Jilleen,Dayley,2002,18 American Alley
256,803-35-7629,Arnie,Howship,2005,42903 Iowa Terrace
257,516-96-9357,Lanny,Bangham,1995,6 Union Junction
258,509-14-9481,Maximilien,Tarpey,1984,5182 Warbler Court
259,294-97-8570,Raoul,Pendre,2010,91445 Hanover Terrace
260,102-03-4385,Kaleb,Kevis,2006,51310 Corscot Point
261,879-55-1279,Amargo,Readman,2005,628 Kedzie Park
262,480-98-7512,Tudor,Hackworth,1976,560 Almo Plaza
263,227-57-0155,Adella,Vere,2009,62232 Charing Cross Drive
264,880-84-2662,Gayleen,Banham,1996,28 Dawn Way
265,822-50-7147,Ford,Cocksedge,2008,3 Kingsford Plaza
266,877-90-2141,Romonda,Caverhill,1995,33 Ridgeview Park
267,691-70-5143,Lettie,Sabine,1986,01955 Dunning Point
268,781-90-8214,Donovan,MacNeillie,1989,4713 Merrick Terrace
269,368-52-3342,Carmencita,Camilleri,1986,57323 Maple Center
270,513-51-8091,Sayers,Sherwin,2003,1758 Superior Hill
271,659-41-2523,Janet,Huggard,2005,4086 Union Pass
272,352-34-9680,Brittney,Firminger,1995,84437 Manufacturers Pass
273,574-03-0050,Emmerich,Lebourn,2005,3273 Lakewood Gardens Plaza
274,807-59-8857,Adey,Erni,1995,2 Hallows Point
275,672-08-5546,Kariotta,Hopfner,2010,748 Nova Terrace
276,160-10-5164,Arlana,Scanlin,2004,437 Service Terrace
277,894-73-6981,Mace,Huncote,1979,5 Mallory Hill
278,708-51-2685,Storm,McIleen,2011,90 David Avenue
279,212-98-0664,Herc,Hosburn,1995,935 Raven Way
280,170-89-8718,Vickie,Gavrieli,2011,92986 Alpine Crossing
281,730-16-4548,Susan,Philcock,2006,02536 Lawn Parkway
282,198-29-8851,Juli,Durram,2009,48609 Transport Hill
283,453-74-6091,Roddy,Allanby,1990,5599 Harbort Avenue
284,895-05-9502,Carla,Dudenie,1989,928 Reindahl Court
285,622-75-7311,Josephine,Dobrowlski,2004,54971 Barby Plaza
286,694-86-9658,Ned,Moorhead,2006,44 Continental Place
287,569-16-3444,Noble,Erswell,2004,2045 Roth Park
288,673-26-8204,Tucky,Auchterlonie,2001,61787 Thompson Junction
289,200-57-7706,Alister,Perazzo,2008,7 Forster Crossing
290,534-08-3747,Kathleen,Prevost,2000,33 Saint Paul Crossing
291,415-58-1354,Vale,Capnor,2002,930 Prairie Rose Way
292,518-80-1601,Hortense,Buffin,1997,51326 Ridgeview Terrace
293,127-84-5266,Kylie,Fines,2008,4 Mesta Trail
294,888-25-6445,Vivienne,Duncombe,1997,14835 Talmadge Lane
295,195-52-0496,Ario,Jacobsz,1996,12906 Hanover Plaza
296,169-62-3905,Sibelle,Shenfisch,1992,1 Ryan Drive
297,678-37-9861,Roseline,Scranney,1997,3 Dawn Plaza
298,369-55-3230,Georgetta,Petty,2008,09205 Esch Crossing
299,369-18-8733,Opalina,Habben,2005,642 Stuart Trail
300,215-96-2881,Jan,McBeith,1993,84 Mayer Alley
301,744-92-2415,Anny,Edkins,1989,03899 Gina Avenue
302,848-58-2804,Gualterio,Guys,1987,48 Banding Crossing
303,219-32-0590,Samson,Albert,1999,6 Donald Court
304,130-77-7441,Wilmer,Drache,2010,33651 Fisk Crossing
305,103-73-2501,Scotti,Wickman,2006,2 Browning Way
306,457-08-0277,Leonardo,Eingerfield,1967,24747 Dexter Center
307,222-99-5768,Skipper,Huguenet,2003,9 Redwing Avenue
308,511-28-5222,Llewellyn,Quinney,1995,56453 Granby Way
309,143-99-9034,Currie,Obray,1998,067 Straubel Avenue
310,231-02-7809,Van,Kendall,2013,9 Sherman Lane
311,743-80-4817,Fons,Shrigley,1994,35 Shelley Point
312,845-84-6490,Nollie,Morigan,2009,21 Rusk Terrace
313,764-06-8538,Yolane,Durnill,2008,93 Bonner Street
314,226-58-4924,Mattie,Philbrook,1993,25758 Nelson Trail
315,857-94-1846,Sonny,Buie,1999,93 Mosinee Plaza
316,889-35-3343,Justino,Colleton,2006,38804 Troy Terrace
317,234-27-2597,Celestine,Glazyer,2005,83 Evergreen Parkway
318,397-59-5258,Danella,Guidera,1997,4886 Bartillon Trail
319,259-71-3384,Amata,Greatreax,1996,806 Talmadge Lane
320,700-73-1009,Olin,Ryle,1998,46 Lakewood Place
321,143-75-9670,Deerdre,Ingre,2011,3 Buhler Trail
322,575-17-0298,Joceline,McCabe,2010,7119 Gateway Road
323,791-55-6679,Neel,Fevers,2006,2121 Dexter Parkway
324,263-88-7227,Bryn,McIndoe,1995,9 Atwood Crossing
325,816-25-4705,Ruby,Maddyson,1996,2 Golden Leaf Park
326,762-03-5457,Matelda,Simukov,1988,39 Union Court
327,626-66-8730,Cheryl,Sweed,1991,59969 Hallows Road
328,768-50-1877,Fernande,Monte,2002,97316 Packers Road
329,840-39-4662,Clayborne,Rawlison,2006,371 Spaight Terrace
330,124-30-0197,Garrard,Corryer,1992,7 Bartelt Pass
331,682-45-3000,Joan,Boakes,2006,09 Spohn Junction
332,700-90-1555,Hervey,Infantino,2005,06304 Towne Circle
333,112-68-1202,Dilan,Ibarra,2003,1807 Grayhawk Place
334,756-64-9197,Leia,Betton,2002,1 Bartillon Junction
335,842-36-7720,Roana,Tilbury,1992,785 Crescent Oaks Court
336,258-18-5020,Alys,Pilipyak,2013,7375 Blaine Trail
337,358-43-3346,Zackariah,Ablett,2005,60400 Mendota Avenue
338,843-03-5750,Elnar,Kimbury,2010,06425 Golden Leaf Avenue
339,847-35-4788,Phillis,Baughan,2000,8819 Monterey Trail
340,782-88-2171,Coralyn,Alleway,1995,1 Holmberg Drive
341,309-04-0031,Hetti,Drinnan,2003,352 Sommers Court
342,250-13-7266,Hunter,Bleakman,2003,90724 Fordem Crossing
343,240-63-0079,Jessi,Craven,1999,81 Packers Plaza
344,223-84-4518,Nicoline,Barsby,1998,2060 Paget Pass
345,445-99-0618,Siana,Swarbrigg,2009,4 Oriole Trail
346,751-55-2141,Genevra,Silkston,2007,3237 Service Pass
347,539-19-3302,Marybeth,Busen,1992,255 Hovde Court
348,433-80-9699,Norbie,Duce,2005,40244 Evergreen Hill
349,801-29-7060,Ola,Heaney,2005,7 Anderson Plaza
350,367-13-0054,Dannye,Bentinck,1994,767 Caliangt Crossing
351,704-73-3399,Ignacio,Cessford,1998,4557 Talmadge Trail
352,491-45-1764,Leicester,Dallas,2012,97376 Del Sol Junction
353,339-86-6192,Tremaine,Davenport,2013,3471 Memorial Place
354,225-01-3617,Thatch,Berrow,2006,9 Charing Cross Road
355,879-26-8351,Austine,Beetham,2006,786 Jackson Point
356,692-37-7573,Burnard,Gorse,1999,2891 Maryland Circle
357,217-42-2950,Junette,Harrow,2003,36197 East Avenue
358,345-91-9354,Valma,Oliva,2010,1 Laurel Avenue
359,112-76-2059,Gardie,Jadczak,2004,7683 Little Fleur Crossing
360,143-43-2874,Milly,Buckston,1991,10 Hintze Crossing
361,198-32-8391,Fredrika,Carrier,2008,331 Del Mar Plaza
362,708-57-2766,Ebonee,Leall,2007,856 Quincy Lane
363,222-67-5216,Melessa,Grey,2011,395 Debra Drive
364,882-01-1550,Liane,Sandes,1998,642 Basil Circle
365,686-91-2242,Skye,Lyver,2007,1858 Susan Terrace
366,312-67-8833,Dyanna,Heardman,2003,379 Lerdahl Lane
367,424-86-3385,Palm,Mosey,2007,57 Mallard Way
368,185-46-5106,Hanan,Delany,1986,05 Nova Court
369,792-45-3878,Dyan,Dellenbroker,2003,82124 Gina Lane
370,708-98-8761,Son,Churchill,2011,5 Express Court
371,775-65-4147,Beryl,Pickerell,2001,86844 Dryden Court
372,237-87-0342,Evangelin,Lafrentz,1992,3799 Prairieview Lane
373,650-05-8143,Dee,Lund,1994,09188 Thompson Plaza
374,277-60-5172,Siobhan,Rodman,2011,76051 Sherman Street
375,522-31-2225,Rozalie,Ciepluch,1964,97068 Carberry Hill
376,335-56-2216,Issi,Drewes,2004,4505 Quincy Park
377,805-62-2368,Roley,Pering,2000,152 Jenifer Plaza
378,790-37-9036,Gregorius,Paslow,1992,25 Huxley Court
379,418-52-9463,Porter,Pinckard,2006,0704 Grasskamp Court
380,787-18-3785,Lilla,McDirmid,2004,74713 Southridge Drive
381,461-56-5502,Cesaro,Keir,1998,11 Westerfield Parkway
382,122-36-1421,Gradeigh,Cecchi,1966,3 Truax Way
383,656-21-9565,Nataline,Shearsby,1985,17413 Straubel Way
384,617-38-4352,Melinda,Ollie,1988,9 Farragut Circle
385,190-70-3214,Hugo,Pecha,2010,5464 Maple Wood Hill
386,792-34-6229,Cariotta,Morrad,1992,18223 Veith Circle
387,201-59-6336,Florinda,Fesby,2012,9472 Schmedeman Place
388,495-34-5863,Frazer,Chettle,2012,3299 Beilfuss Way
389,290-80-3470,Colette,Summerly,2006,1340 Warner Hill
390,585-80-6159,Emmalyn,Mattiato,1993,73307 Northridge Junction
391,758-04-4397,Rosco,Prattington,1990,59658 Columbus Trail
392,164-15-1541,Joelly,Coppin,2002,5139 Hoepker Court
393,357-96-4165,Fara,Fass,1985,9973 Orin Street
394,389-27-2946,Merralee,Clapison,1997,7259 Golf Course Park
395,731-83-8355,Henrik,Catterell,1994,293 Anhalt Center
396,594-13-6920,Josiah,Serjent,1995,88151 Northview Avenue
397,526-23-3919,Lindie,Lumbly,2010,1 Pierstorff Alley
398,664-46-9420,Auria,Ogles,2010,7113 Becker Avenue
399,477-54-7432,Brook,Calfe,1997,7 Milwaukee Lane
400,125-35-6149,Chrisse,Tomasik,2003,258 Pierstorff Way
401,235-31-8913,Jobie,Leveret,2010,13 Graedel Road
402,649-22-9908,Jorrie,Middell,2011,0 Dunning Crossing
403,328-34-8342,Cassy,Jentin,2004,9 Laurel Street
404,846-72-4341,Lester,Chicchetto,1992,35008 Orin Avenue
405,341-86-4305,Wallis,Siege,2001,616 Rowland Junction
406,240-57-4528,Justus,Todarello,2003,10 Division Lane
407,124-64-4066,Max,Goodwell,2009,7286 Laurel Trail
408,375-28-7943,Elihu,Bowdrey,2006,731 Steensland Way
409,424-17-7611,Jocelyne,McClenaghan,1993,2756 Banding Pass
410,140-73-1120,Kingston,Wagnerin,2005,84525 Carberry Alley
411,764-54-6206,Renado,Mc Caughen,2007,9970 Donald Road
412,713-91-2723,Nat,Skelhorn,1994,891 Pine View Street
413,700-65-2428,Shirlene,Conrard,2008,885 Northland Alley
414,658-34-9153,Jesselyn,Johl,2012,71890 Colorado Plaza
415,865-75-4095,Langston,Basnett,2012,4104 Manley Alley
416,750-45-1307,Courtnay,Ox,1975,92 Grim Hill
417,587-59-7942,Dianemarie,Roskam,1993,21 Farmco Street
418,518-14-2743,Eudora,Jedrachowicz,2007,68 Coolidge Pass
419,303-30-3285,Wilie,Lakenden,2005,77 Spaight Hill
420,495-12-6005,Orelia,Tackell,2000,764 Loeprich Center
421,421-04-2175,Arne,Ralphs,2012,8 Golf View Street
422,594-73-1037,Shela,Kitchinghan,1995,19582 Melrose Pass
423,240-44-9488,Cody,Konzelmann,1991,27 Truax Circle
424,561-41-5978,Kendell,Dalton,1993,2240 Elmside Trail
425,245-25-5228,Emmeline,Coverdill,2012,52 Ludington Hill
426,124-72-3403,Garrek,McAughtry,1997,9 Kenwood Way
427,295-94-6110,Kelly,Buckel,2001,3455 Green Junction
428,841-75-6931,Gill,Deinhard,1991,36 Rockefeller Circle
429,610-53-2720,Dorothy,Lease,2001,83 Crest Line Lane
430,393-48-0077,Fannie,MacLoughlin,2011,300 Hoard Hill
431,168-03-0526,Lavina,Pischel,1988,7456 Lotheville Drive
432,508-60-4418,Marc,Brigshaw,1985,9 Bonner Center
433,709-48-0859,Kathryn,Penfold,2006,88775 Waubesa Crossing
434,508-21-0957,Abrahan,Shotton,2005,07 Rieder Court
435,337-76-2885,Thacher,Gartrell,2002,3 Prairie Rose Court
436,228-96-6094,Burty,Collinge,2001,9443 West Court
437,631-35-3068,Helsa,Dibnah,2005,8 Kensington Trail
438,775-92-9386,Gretta,Spafford,2005,6 Duke Crossing
439,555-62-6189,Kearney,Durtnel,2011,7 Monument Park
440,250-95-2977,Bogart,Truss,1970,8 Roxbury Street
441,676-39-0285,Trudi,Leet,2008,48254 Burning Wood Center
442,412-26-9713,Corbie,Beebe,2004,81 Rockefeller Alley
443,669-74-8300,Rodger,Curran,2010,80 Golden Leaf Terrace
444,336-90-1513,Brandy,Conelly,1986,1 Burning Wood Crossing
445,520-89-9185,Angelle,Daudray,1991,2 Acker Plaza
446,876-55-3239,Evelyn,Boulden,2008,451 Toban Park
447,830-29-9433,Carmon,Blaxter,2004,83753 Maple Wood Pass
448,468-67-3763,Bill,Bagster,2008,12 Talmadge Alley
449,699-41-7709,Dennie,Schwerin,1995,458 Bultman Terrace
450,509-36-0832,Pippy,Mardee,2003,81 Esch Pass
451,390-73-9836,Webster,Bagshawe,1987,2 Rutledge Trail
452,657-77-5489,Winifield,Peachman,1992,527 Sutteridge Point
453,307-13-3471,Belinda,Wotherspoon,2011,10 Mesta Point
454,797-14-0191,Otho,Graine,1993,01564 Homewood Circle
455,401-29-5396,Hansiain,Hucker,1997,7 Fairfield Lane
456,703-40-5713,Krishnah,Clementel,1995,38 Milwaukee Street
457,287-77-2408,Lucienne,Bloxland,1993,1 Packers Park
458,634-97-2868,Petrina,Cluelow,2012,0 Luster Court
459,271-39-8969,Kaleena,Sawney,2002,01 Oneill Drive
460,272-19-9770,Christophorus,Stang-Gjertsen,2004,2526 Glacier Hill Plaza
461,759-49-4481,Cassandra,Sapey,1992,107 Lindbergh Point
462,663-26-9194,Wynne,Mosdall,2011,02 Michigan Parkway
463,778-89-3171,Vito,Scouler,2007,02 Carioca Avenue
464,639-37-1242,Tiler,Wattinham,2012,0 Butternut Junction
465,236-85-4564,Marcel,Wythe,2002,696 Welch Avenue
466,273-44-8548,Nikki,Christofides,2007,94962 Dixon Trail
467,352-40-6247,Laraine,McConway,1999,236 Mcbride Place
468,797-27-7458,Abbi,Tinan,2004,4624 Helena Avenue
469,516-79-4402,Jo-anne,Bardey,1993,301 Pawling Junction
470,875-21-4533,Marthe,Giraudot,2008,127 Beilfuss Street
471,516-17-6030,Ayn,Wolffers,2004,2989 Vermont Terrace
472,415-65-3732,Fran,McDyer,1998,1 Pankratz Road
473,583-39-9120,Ester,Yates,2002,787 Fuller Point
474,682-04-7484,Bebe,Bartholat,1988,4968 Schmedeman Way
475,109-34-8367,Nixie,Hakey,1997,7 Sommers Drive
476,766-61-4868,Valida,Cheshire,2007,69235 Westend Alley
477,501-66-2261,Tildy,Sposito,1993,8 Lawn Center
478,455-59-5504,Neall,Waye,2008,7 Amoth Road
479,252-57-3060,Melita,Milier,2004,7 Onsgard Junction
480,549-59-2960,Nesta,Doogood,2002,888 Sundown Pass
481,515-47-2315,Thane,Cowlas,2005,1886 Onsgard Parkway
482,312-79-1848,Lanny,Clorley,2010,62779 Golden Leaf Avenue
483,109-47-0227,Dickie,Jakobssen,2003,2 Columbus Trail
484,196-59-6637,Codi,Corbridge,2010,194 Roth Pass
485,439-10-5621,Lutero,Lamcken,2006,843 Crowley Alley
486,362-25-2201,Abbe,Parkman,1992,7 Elmside Way
487,504-02-5300,Nina,Maiden,2007,791 Almo Plaza
488,453-78-2851,Danyelle,Jee,2005,63034 Di Loreto Court
489,638-81-8711,Abdul,Gerholz,2001,2785 Karstens Drive
490,700-04-3232,Titus,McConnell,2008,7411 Maple Wood Court
491,149-65-4794,Gar,Peare,1996,47 Atwood Court
492,118-61-3233,Eloisa,Wesker,2006,71 American Street
493,817-95-9213,Babb,Georgeson,1998,488 Summit Crossing
494,818-55-2277,Paulo,Bearcroft,2009,65421 Leroy Alley
495,795-95-6521,Anastasie,Sprules,2007,83002 Rusk Point
496,562-27-9093,Pippy,Rickis,1999,324 Ilene Parkway
497,803-52-3601,Tabb,Galle,1993,12825 1st Point
498,145-60-3728,Zonda,Melross,2000,31589 Lawn Street
499,489-60-6993,Merv,Elgee,2010,7464 Maple Wood Lane
500,872-44-2958,Val,Haselden,1997,750 Clarendon Circle
501,654-40-3563,Lanie,Corran,2012,0355 Express Way
502,897-74-2031,Sybilla,Bourdel,2004,11 Moose Alley
503,406-13-1509,Jacquie,Zeal,2011,83 Blaine Point
504,198-65-2258,Shermy,Driscoll,2008,1757 Little Fleur Way
505,205-93-3231,Koenraad,Moodey,2012,29481 Sunbrook Terrace
506,564-22-9835,Mace,Son,2008,8 Lakeland Way
507,460-19-2640,Friederike,Melin,2006,46 Messerschmidt Lane
508,545-34-7656,Frankie,Aingell,2010,7560 Spenser Lane
509,553-61-4361,Ettore,Duker,1995,56389 Coleman Hill
510,799-67-7654,Pammi,Crawforth,2000,9 Pepper Wood Terrace
511,846-07-6026,Shae,Wylie,2001,04 Cambridge Park
512,601-24-6067,Arnold,Fraine,2006,50647 Helena Junction
513,393-60-4113,Kristofer,Haffner,1996,295 Hoffman Park
514,703-53-7642,Krispin,Echallie,2007,5553 Memorial Trail
515,352-78-0875,Fernanda,Danilowicz,1999,1752 Mesta Street
516,312-84-8780,Yank,Stoffler,2011,55841 Packers Road
517,584-53-9780,Leyla,Skokoe,2002,4452 Kenwood Plaza
518,500-58-2197,Emlyn,Flacke,2009,3367 Superior Drive
519,233-09-9896,Camella,Acres,2008,753 American Junction
520,527-29-3229,Kristian,Quinet,1992,861 Roth Crossing
521,583-62-6972,Laurence,Bediss,2001,2823 Sachtjen Crossing
522,769-35-1251,Ethelda,Weatherup,1996,58 Lyons Place
523,417-11-4176,Ginnifer,Koopman,2010,73 Fallview Pass
524,464-05-8002,Joshuah,Domelow,1984,12 Carberry Point
525,784-09-7678,Odell,Chezelle,1988,01 Thompson Crossing
526,360-73-5615,Nadine,Hallgath,2000,941 Northview Center
527,489-02-8190,Diann,Tackle,2010,18642 Kensington Lane
528,705-41-0472,Rouvin,Riceards,2010,47 Hermina Parkway
529,511-34-3612,Gretta,Liddall,2005,596 Stuart Court
530,574-50-9093,Shea,Zmitruk,2011,8494 Kim Center
531,365-26-7125,Sallyann,Skains,1987,8 Nelson Lane
532,210-06-6345,Nance,Bernardeau,2011,62158 Judy Junction
533,148-46-0199,Nancy,Shurrock,1986,9 Troy Crossing
534,124-25-0158,Lettie,Slowgrove,2002,7 Pine View Junction
535,166-54-4435,Deane,Pegden,1994,873 Union Hill
536,496-88-9380,Bear,Quernel,2005,59605 Fuller Court
537,793-35-9593,Gerard,Fussell,2001,0 Macpherson Junction
538,619-83-4294,Hammad,Descroix,1994,6 Kropf Terrace
539,294-47-6022,Delcine,Powney,2003,0 Iowa Trail
540,672-66-1182,Shay,Arkwright,2002,6 Lukken Park
541,510-25-3034,Sonni,Trevance,2003,742 Sheridan Plaza
542,363-60-5713,Rossie,Spat,1996,6672 Hudson Circle
543,825-76-0146,Tymothy,Landman,2004,382 Lakeland Center
544,746-02-5457,Dyann,Bolitho,2007,81 Fremont Lane
545,750-55-0192,Josefa,Footitt,2007,42534 Erie Hill
546,605-30-8176,Stormy,Ciccottini,2010,7 Norway Maple Pass
547,309-41-3158,Yvette,Eivers,1994,7028 Marcy Point
548,807-32-9372,Tabbie,Gutierrez,1996,41711 Toban Circle
549,702-68-7512,Reed,Consterdine,2013,376 Doe Crossing Lane
550,681-04-4693,Lemmie,Blacker,1992,68459 Kropf Park
551,598-11-0662,Timothee,Havik,1990,82991 Weeping Birch Road
552,121-82-3625,Bar,Kean,2004,78 Lighthouse Bay Crossing
553,184-86-5495,Wallie,Stode,1990,531 Dovetail Street
554,118-66-7284,Myrlene,Berends,1999,52 Schmedeman Lane
555,299-38-3455,Tobit,Curless,2008,80208 Coolidge Center
556,526-96-8229,Harlie,Ashpole,1994,79851 Haas Road
557,659-71-2675,Audie,Sergeant,2006,7 Leroy Road
558,470-38-4732,Jania,Huscroft,2004,28708 Stephen Trail
559,813-04-8638,Darcy,Cobbledick,1984,1 Vermont Alley
560,532-66-3334,Philippine,Ticehurst,2010,08080 Annamark Alley
561,833-05-2823,Marleah,Gilvear,2006,42217 Michigan Road
562,211-50-1835,Rana,Burland,1995,95044 Pawling Plaza
563,772-47-6586,Harv,Torbett,2009,74 Rigney Pass
564,554-23-1212,Fransisco,Pimblott,2007,9016 Kenwood Junction
565,701-35-1076,Jaymee,Fenich,1989,9 Canary Pass
566,676-20-4926,Ruby,Ochiltree,2000,0443 Brown Avenue
567,731-16-8898,Annmaria,Holcroft,1997,1296 Village Green Street
568,877-11-1136,Katalin,Sedworth,2004,1536 Grover Place
569,657-45-9388,Melony,Margerison,2011,78852 Hallows Circle
570,115-64-0982,Shawn,Jasik,2007,975 Farragut Street
571,667-91-8249,Paulie,Maestro,2008,834 Canary Pass
572,254-31-7681,Lou,Kores,2006,49130 Anderson Place
573,755-06-7790,Cyb,Petts,2000,28 Oakridge Drive
574,124-75-4987,Bernadette,Gogie,2013,7992 Buell Junction
575,280-61-4126,Gannon,De Santos,2010,459 Tony Hill
576,308-29-4774,Allina,Lathee,1995,49917 Twin Pines Plaza
577,536-42-1297,Jannel,Camili,2007,82 Carey Hill
578,880-81-1355,Elva,di Rocca,1992,10 Northview Parkway
579,168-69-3027,Eilis,Giacometti,2010,267 Golf Course Street
580,611-46-4991,Minetta,Landers,1996,9 Vermont Trail
581,263-07-1683,Modestia,Sancto,1983,601 Summit Parkway
582,312-85-0458,Prue,MacMearty,2011,619 Algoma Road
583,429-58-0152,Agosto,Bonnell,2012,2 Nancy Junction
584,126-17-0103,Leanna,Tink,1968,01327 Fieldstone Place
585,651-03-3393,Nikaniki,Bonhan,1993,15960 Debra Place
586,535-34-7508,Zenia,Bow,1994,62 Maple Wood Alley
587,229-06-0710,Rickey,Hynd,2005,661 Hanover Avenue
588,771-46-7383,Sharl,Iglesias,2012,3 Holy Cross Court
589,164-65-2221,Larry,Denerley,1995,5753 Red Cloud Road
590,105-95-8358,Prince,Denzilow,1995,5 Florence Street
591,777-70-5801,Reed,Spinelli,1996,35626 School Street
592,165-08-6738,Paola,Vogel,1988,8 Sheridan Pass
593,225-31-5593,Dinny,Lehr,2003,77 Laurel Circle
594,647-53-8764,Myron,Huygens,2001,800 Atwood Hill
595,104-92-3665,Mordecai,Mackley,1997,612 Jenna Parkway
596,653-80-9368,Evangelia,Bengough,2004,6 Canary Circle
597,305-24-9160,Penelope,Persehouse,1998,3495 Pankratz Street
598,282-73-6833,Peter,Milmoe,2010,1036 Chive Parkway
599,403-77-1714,Raffaello,Hebner,2011,041 Cody Lane
600,852-89-2842,Jeffie,Heyfield,2005,42236 Rusk Lane
601,142-69-4735,Lilia,Glyne,1999,47784 Waubesa Drive
602,114-50-3651,Carmine,Dudney,2002,71 Bultman Junction
603,764-51-5976,Wandie,Drayn,1998,22952 Blackbird Place
604,723-05-3243,Guillermo,Birrell,2012,05 Shasta Trail
605,113-21-1778,Jannel,Honnan,1993,5863 Eggendart Crossing
606,242-30-1626,Marybelle,Astbery,1986,1622 Longview Circle
607,226-61-2365,Heather,Garrettson,2005,42 Claremont Court
608,113-54-4332,Kerr,Cuckoo,1993,3 Continental Center
609,769-48-6823,Katrina,Cattach,2005,07771 6th Lane
610,459-84-2059,Stormie,Wiper,1998,60 Sycamore Road
611,611-45-4533,Tanitansy,Beurich,2003,79566 Arizona Center
612,186-43-8443,Celeste,Rushforth,2004,9561 Southridge Point
613,454-31-7707,Farra,Hogsden,1995,4 Marcy Lane
614,374-02-7141,Isabel,Binfield,2002,679 Memorial Pass
615,697-67-9161,Dillie,Vigus,2002,8 Tony Avenue
616,844-98-4676,Kyle,Klemencic,2005,3 Fieldstone Hill
617,315-57-2381,Gretal,Brotherheed,2012,9 Armistice Road
618,396-03-2460,Cass,Manchett,2007,9273 Ramsey Trail
619,189-52-1111,Leonerd,Casford,1991,5493 Prentice Street
620,745-48-1272,Suzann,Davenall,2013,290 Farwell Center
621,567-12-7494,Micheal,Adelberg,1998,04 Havey Junction
622,354-19-2220,Kath,Redfern,2008,4717 Autumn Leaf Road
623,484-42-2950,Norry,Lording,2003,348 Pearson Drive
624,803-95-6460,Hewe,Nansom,2009,5 Sycamore Place
625,787-81-4138,Benny,Lorente,1990,54 Aberg Crossing
626,800-01-5394,Jayme,Basey,2005,09725 Maple Wood Street
627,321-21-5674,Deeyn,Fife,2005,28 Oxford Park
628,403-60-2975,Missie,Poletto,2006,42 Grasskamp Junction
629,123-24-3720,Ronnie,Eborn,1998,06470 Gerald Crossing
630,320-62-7669,Cesaro,Wauchope,2007,3581 Longview Court
631,610-61-8434,Gavra,Duffitt,1970,5776 Lighthouse Bay Hill
632,115-70-9440,Nikolai,Berfoot,2004,03 Esch Way
633,542-04-0482,Donna,Oger,1994,6569 Golf Crossing
634,223-20-4148,Thorny,Chaffey,2011,696 Towne Lane
635,303-91-1772,Libbey,Crilly,2012,274 Homewood Avenue
636,429-59-1748,Robinet,Compson,1997,114 Forest Pass
637,468-01-2390,Alverta,Bunhill,1998,47679 Dunning Street
638,885-69-7689,Forbes,Enrrico,2009,3603 Cherokee Way
639,784-91-4420,Cissiee,Killough,2001,6939 Meadow Ridge Road
640,529-76-8284,Eugenius,McDermott-Row,1985,57 Melody Lane
641,687-48-5503,Hort,Rilton,1994,1175 Walton Crossing
642,508-47-7795,Barny,Dives,1994,78 Esker Park
643,196-24-9044,Celie,Rosie,1995,34 Mariners Cove Parkway
644,216-28-7593,Kevan,Conrard,1987,50900 Riverside Plaza
645,837-58-3561,Ceil,Attenbrow,2005,40 Declaration Drive
646,486-59-8864,Karlotte,Mayman,2011,79049 Rusk Road
647,328-08-1423,Dwayne,MacDougall,2004,985 Fairview Center
648,302-75-6457,Alyosha,Tilio,2008,2 Badeau Terrace
649,716-61-1539,Berky,Fandrich,1992,9 Spaight Place
650,690-92-0258,Phillipe,Garfoot,1999,20 Pearson Pass
651,362-25-3064,Darin,Lamperti,2001,72230 Starling Center
652,211-43-1580,Gallard,Doornbos,1995,541 Larry Way
653,350-71-2784,Brant,Haker,2010,8 Graceland Road
654,414-20-3928,Tomaso,Eke,2004,7 Dayton Crossing
655,148-41-8721,Cordey,Davidow,1985,390 Twin Pines Crossing
656,578-76-5768,Brittani,Sparshutt,2012,3674 Ohio Plaza
657,855-41-2983,Cindra,Sirette,1995,14145 Sunbrook Hill
658,260-59-7079,Tybi,Clayden,2004,405 Garrison Court
659,765-91-2172,Vannie,Finnimore,2004,14 Mariners Cove Road
660,402-63-3333,Thaxter,Colmore,2010,9 Sommers Park
661,516-78-8600,Shanna,Clegg,2006,7637 Michigan Circle
662,895-33-4632,Gifford,Le Leu,2004,15 Chive Crossing
663,252-90-6049,Jemima,Figge,2010,95 Packers Terrace
664,163-50-6773,Zuzana,Eblein,2003,10534 Magdeline Trail
665,880-48-2188,Klaus,Suckling,2006,97 Kennedy Hill
666,598-56-5979,Henri,Tillman,1967,7020 Fisk Lane
667,819-75-0336,Cathie,D'Ambrogio,1995,179 Kings Street
668,444-03-1128,Helena,Sorrill,1990,776 Northport Circle
669,177-49-2465,Zena,Frenchum,2011,7523 Portage Junction
670,170-47-9715,Marney,Adair,1990,52206 Spaight Plaza
671,447-94-1872,Gregoire,Maryott,1999,99176 Lakeland Junction
672,736-76-9195,Prue,Benediktsson,2012,8 Cody Crossing
673,116-14-2255,Farrah,Lumbley,1985,84 Manitowish Place
674,599-47-4676,Jacquette,Meardon,1996,19126 Maywood Road
675,769-01-5754,Myrilla,Seefus,1989,1972 Carberry Point
676,507-86-9192,Eirena,Colleymore,1999,366 Portage Lane
677,746-86-6216,Catrina,Hodgins,2009,716 Logan Pass
678,322-21-2778,Rivalee,Legion,2003,016 Doe Crossing Hill
679,608-17-4162,Darci,Morson,1994,5 Anzinger Place
680,491-52-8232,Fraze,Romera,1993,6117 Huxley Place
681,517-37-5322,Rosabel,Kernan,1958,22830 Dottie Court
682,289-60-2831,Chrotoem,Harness,2004,82016 Trailsway Place
683,361-73-0694,Rycca,Kelle,2011,59116 Pearson Junction
684,844-27-1892,Caz,Ollarenshaw,1994,605 Meadow Valley Lane
685,300-35-2762,Gardie,Sarl,1988,32256 Packers Plaza
686,206-76-3612,Vin,Mewes,2001,1 Almo Trail
687,474-72-5739,Reynard,Yakebovich,2009,3 Maple Wood Alley
688,812-68-4050,Rabbi,Skewis,1993,43 Anzinger Parkway
689,270-33-0836,Helen,Stormonth,2010,7 Fair Oaks Place
690,535-32-9451,Layney,Drinkwater,2011,707 Esch Plaza
691,339-96-5377,Brand,Egleton,2004,93 Brentwood Place
692,817-91-2897,Amandie,Bento,1992,4 Little Fleur Drive
693,893-22-0849,Ozzie,Bompass,2002,82 Farragut Alley
694,549-08-0524,Kriste,Asel,2011,310 Roxbury Circle
695,727-27-4980,Shelbi,Giabucci,2000,94674 Clyde Gallagher Avenue
696,868-43-6862,Marja,Molan,2006,6128 Union Place
697,473-15-2917,Daphene,Joubert,2003,07 Manley Terrace
698,554-76-8465,Alaster,Millery,1968,11583 Hintze Parkway
699,546-86-7677,Portie,Turmell,2009,3213 Gale Lane
700,340-66-7254,Homer,Beekman,2006,1 Monument Drive
701,753-57-7263,Steffane,Stubbin,1999,418 Forster Plaza
702,754-32-8563,Ellynn,Elmar,1993,4 Welch Center
703,172-19-9191,Selig,Pettitt,2006,62138 Almo Park
704,716-62-3202,Marja,Whapples,1989,296 Orin Junction
705,127-50-1230,Roth,Kellett,2012,52 Randy Court
706,393-79-6367,Kristen,Langcaster,2007,339 High Crossing Way
707,297-42-7240,Prue,De Metz,1995,66559 Carpenter Drive
708,223-12-2947,Otto,MacAlees,2006,6990 Forster Pass
709,632-26-8781,Kent,Dreghorn,1997,46333 Bluestem Alley
710,808-22-9990,Quillan,Scarborough,2004,6 Forest Run Center
711,319-60-0113,Vincents,Izard,2007,60141 Hanover Court
712,786-97-8791,Giorgi,Race,1998,3 Bowman Way
713,175-62-4762,Beale,Hendricks,2008,75 Waubesa Park
714,896-44-3527,Cinda,Charity,2010,4243 Surrey Avenue
715,104-41-8747,Gino,Fox,1993,5935 Summit Way
716,607-17-7730,Sergio,Aukland,1999,980 Acker Center
717,569-68-5341,Dermot,Bowcock,2010,85222 Northwestern Pass
718,294-25-6937,Durant,Jones,1967,262 Dorton Drive
719,646-56-0524,Kacey,Hasney,1995,14152 Carey Lane
720,220-37-1869,Shirley,Wagg,2001,380 Sutteridge Road
721,602-25-2388,Simon,Goodanew,2008,78 Tennessee Way
722,858-26-9967,Damiano,Howen,2007,22381 Lyons Pass
723,236-36-7244,Wolf,Etock,2009,27294 Memorial Center
724,797-10-6826,Astrid,Tippell,1992,49980 Hovde Point
725,284-03-1331,Adi,Casillis,2010,8 Linden Court
726,237-36-0385,Brigham,Leppo,1994,17 Pleasure Crossing
727,109-38-5048,Naoma,Ullyott,1999,3018 Red Cloud Street
728,790-74-8298,Stephan,Perschke,1991,9 Bobwhite Circle
729,562-18-7695,Alexandro,Reeder,2007,36467 Lerdahl Hill
730,790-67-9925,Norry,Probbing,1987,574 Northport Way
731,887-47-7567,Willamina,Barnes,1993,95559 Hoffman Avenue
732,686-82-9330,Katie,Pexton,2001,58 Crest Line Terrace
733,399-61-2115,Basil,Cours,1988,08936 Bayside Avenue
734,782-38-2535,Jephthah,Dunbleton,1996,704 Farwell Court
735,635-90-7240,Paddie,Branney,2000,483 Pepper Wood Point
736,862-71-4403,Shaylah,Pennells,2010,4580 Debra Street
737,178-02-7911,Antone,Houndesome,2007,23 Truax Avenue
738,254-95-3486,Ros,Rawlinson,1998,10 Grasskamp Trail
739,142-90-8452,Mattie,Spurden,2000,305 Lukken Parkway
740,273-79-7509,Lazaro,Petrasch,1993,830 Fuller Parkway
741,753-93-2039,Corilla,Silverstone,1998,3 High Crossing Junction
742,461-50-6284,Pattin,Haslam,2010,131 Pierstorff Road
743,864-60-3606,Randolf,Blanshard,2006,8 Summerview Alley
744,648-31-0237,Bernadina,Roycroft,2005,1294 Briar Crest Court
745,582-82-4346,Curcio,Treace,2010,383 Sundown Way
746,890-41-2092,Mimi,Frichley,2002,83 Clove Terrace
747,567-57-1332,Emery,McAllaster,1986,8166 Dexter Alley
748,779-70-9605,Sula,Deery,1999,648 Vahlen Way
749,522-25-4049,Cindy,Venus,2003,6139 Farmco Center
750,424-44-2104,Teresita,Presslee,2007,7875 Ruskin Terrace
751,556-92-6546,Loutitia,Frowde,2000,8 Talisman Parkway
752,716-86-7735,Teirtza,Sancto,1991,617 Rockefeller Alley
753,392-45-9559,Merrili,Peniello,2013,9 Sutteridge Park
754,788-85-2876,Kimberlyn,Corben,1995,0149 Mendota Circle
755,572-07-7710,Kipp,Billham,1992,77 Acker Trail
756,840-59-9105,Jan,Chalfont,2004,60183 Katie Junction
757,303-66-3432,Davidson,Ticksall,2001,06 Carey Street
758,205-54-5141,Fidel,Lydiatt,1993,80 Rockefeller Lane
759,777-84-3734,Nichole,Fairest,1996,5 Calypso Hill
760,126-09-5596,Fernande,Shedd,2007,6 Calypso Circle
761,702-45-3228,Ilene,Dot,2000,313 Dayton Lane
762,235-21-2135,Umeko,Leahy,2005,1 Union Point
763,587-23-2648,Marysa,Gannan,2000,0037 Bonner Parkway
764,460-64-2911,Bonnie,Chavez,2002,89414 Union Court
765,193-94-4351,Oralia,Cordery,2004,47 Schmedeman Avenue
766,173-47-7626,Ginnie,Jankin,2006,96354 Buhler Park
767,124-86-9127,Zilvia,Korejs,2000,0 Rusk Road
768,182-56-0806,Shannan,Morrice,2009,33363 Westerfield Circle
769,523-94-5708,Elaine,Dunne,1998,798 Emmet Road
770,149-22-1888,Marchelle,Gasgarth,1999,682 Southridge Place
771,334-74-6969,Tatiana,Tonna,2011,067 Green Avenue
772,639-75-4221,Ravi,Edgerton,2010,8223 Jenna Junction
773,163-22-7610,Lulita,Wallwood,1994,25 Morning Junction
774,301-66-5381,Selig,Scranedge,1989,0922 Delladonna Street
775,577-75-9747,Doe,Cortez,1986,54 Rusk Hill
776,183-36-1667,Paulie,Vowells,2011,9 Schlimgen Park
777,305-21-4380,Zebulen,Morphew,2000,2337 Prairieview Park
778,347-34-4114,Urbain,Riccardi,1997,86543 Southridge Crossing
779,301-62-2124,Morly,Magauran,2010,35 Eastwood Plaza
780,414-31-8379,Dulci,Dunnan,1998,81966 Golf Drive
781,302-49-9798,Hertha,Holde,2004,905 Kenwood Lane
782,583-68-7233,Reinaldo,Scamaden,1998,81829 Mosinee Pass
783,198-07-8280,Nikkie,Gorman,2009,825 Katie Way
784,344-80-4849,Josh,Krauze,2008,453 Transport Plaza
785,426-37-9524,Rowland,Addlestone,1993,58177 Buell Park
786,350-33-7925,Rafaellle,Pietraszek,2009,35003 Sachs Park
787,625-45-7143,Bradford,Arrell,2004,899 Moulton Pass
788,717-15-1802,Indira,Pass,2007,20732 Delladonna Parkway
789,393-99-9878,Carmelita,McArd,1964,205 Myrtle Drive
790,246-46-7710,Nicola,Gerbl,1994,3 Mariners Cove Way
791,768-19-4488,Hubert,Bartak,2006,04 Pine View Point
792,679-99-7065,Dalston,Thrasher,2003,88 Norway Maple Way
793,205-97-5985,Lenore,Craister,1990,0303 Delladonna Court
794,602-06-3039,Thorvald,Phifer,1998,26570 Mayer Pass
795,761-53-5268,Hulda,Eymer,2012,2 Banding Street
796,882-84-5799,Marilyn,Adamovitz,2010,40 Acker Parkway
797,329-33-6892,Norine,Kiebes,1992,23593 Rockefeller Street
798,237-23-0877,Val,Duigenan,2002,8 Stang Street
799,760-84-7307,Randi,Larvor,2010,19 Arapahoe Avenue
800,277-63-9380,Cello,Churms,1999,947 Messerschmidt Trail
801,796-97-8770,Hershel,Muspratt,1998,22 Oak Valley Lane
802,367-78-9466,Georgeanne,Esposito,1998,16426 Elka Drive
803,411-13-9115,Jillian,Michell,1998,7 Loeprich Road
804,462-48-7327,Marline,Aslen,2001,4725 Gale Pass
805,191-26-1939,Gwendolin,Ashburne,1998,250 Mesta Court
806,625-80-4233,Nikolaus,Ipgrave,2011,3076 Ludington Road
807,549-37-6968,Jacinta,Brownell,2005,3 Anhalt Parkway
808,633-68-6143,Minetta,Niset,2006,3 Bartelt Road
809,848-10-1547,Rosemarie,Buxy,2012,271 Packers Place
810,834-94-6624,Ty,Saenz,1993,2446 Bowman Plaza
811,593-69-3049,Celestina,Carolan,2010,6572 Lillian Circle
812,330-98-0982,Muffin,Griniov,2008,443 Pleasure Alley
813,161-44-6034,Willamina,Arndt,2011,99701 Merrick Crossing
814,629-69-0280,Scott,Oland,1987,5 Springview Court
815,359-25-2566,Ode,Lashford,2005,127 Waywood Way
816,213-01-8991,Tallie,Wraggs,2007,931 Dakota Avenue
817,359-04-0658,Catherin,Ackerman,1992,96 Chinook Street
818,881-36-9658,Mehetabel,McOwen,1996,4276 Swallow Point
819,720-61-9986,Diandra,Teager,1999,36140 Hayes Drive
820,629-97-4897,Aindrea,Berdale,2011,2561 Linden Trail
821,306-05-0098,Darbie,Tristram,2009,8 Pennsylvania Alley
822,624-76-2462,Gill,Mendonca,2005,1 Butternut Avenue
823,420-15-8143,Willette,McCafferky,2012,28191 Badeau Parkway
824,545-16-8569,Hube,Cariss,1999,6643 Bowman Street
825,663-10-4959,Griffith,Cordeau],1998,94404 Knutson Street
826,539-08-0748,Aloise,Tewkesbury.,2008,793 6th Terrace
827,168-19-1688,Lyndy,Clery,2008,4 Springview Way
828,416-35-5451,Bald,Lugsdin,2005,43 Bartillon Parkway
829,734-45-7080,Edwin,Bartosch,2006,06 Oriole Place
830,203-72-4831,Linus,D'Ruel,1997,9348 Nevada Parkway
831,529-27-7853,Wylma,Lawley,2001,84 Mayfield Alley
832,257-80-3624,Kellia,Sharville,2004,67158 Waubesa Center
833,128-52-4201,Dennie,Korneev,2008,9 Paget Trail
834,102-02-4312,Arnie,Arnoud,1996,50 Clarendon Road
835,313-37-0701,Dorisa,Giacoppo,2002,267 Elmside Drive
836,855-53-2121,Lauree,Eckersall,2006,5778 Monica Street
837,429-01-1592,Fayette,Thyng,2008,97216 Bobwhite Way
838,684-67-4520,Griffith,Edgerton,1993,9 Bultman Junction
839,369-52-9584,Jedidiah,Dearl,2008,4 Transport Road
840,146-29-6911,Yancy,Hansie,1991,3333 Manitowish Drive
841,800-33-8965,Tamqrah,Bradtke,2006,9073 Quincy Drive
842,537-26-2143,Jemimah,Radoux,2003,8 Granby Court
843,153-55-2405,Heloise,Buck,1953,9757 Portage Lane
844,617-73-6692,Arden,Seago,2001,702 Bunting Avenue
845,484-45-8252,Alayne,Edmonston,1988,436 Burrows Hill
846,728-38-1696,Riley,Lyman,2012,298 Delaware Lane
847,468-38-5078,Zacherie,Urvoy,2004,2 Sutteridge Hill
848,395-23-6184,Sella,Baison,2006,67 Annamark Junction
849,297-09-0891,Bernadette,Judson,2009,25579 Steensland Circle
850,848-23-2885,Alvera,Opdenort,2011,9585 Arizona Lane
851,180-79-1981,Ethelbert,McReedy,1996,19857 Erie Alley
852,777-06-8432,Alyse,Ensten,2008,69 Doe Crossing Junction
853,350-67-3246,Cordy,Gorke,1994,36090 Karstens Way
854,852-03-2175,Chaddie,Pawels,2000,4902 Trailsway Place
855,525-26-3435,Adela,Manicomb,2007,217 Stone Corner Junction
856,576-81-5156,Mufi,O'Cannovane,1988,68 Express Lane
857,445-19-1606,Margalit,Rosenblum,2004,0129 Cardinal Point
858,849-05-8474,Hugh,Rye,1993,2252 Park Meadow Pass
859,890-40-3858,Siouxie,Jirik,2010,5292 Hooker Center
860,323-79-0371,Letty,Knaggs,1992,3063 Londonderry Alley
861,307-43-7865,Honoria,Buesnel,1995,8 Shelley Trail
862,750-32-6962,Ephrem,Scothorne,2000,72923 Farwell Pass
863,447-23-5362,Andeee,Dorcey,2007,432 Sugar Terrace
864,289-33-1930,Bernardina,Pointon,1999,87 Springs Circle
865,415-81-3816,Dorothy,Craigg,1999,3 Banding Junction
866,885-84-1692,Douglass,Gatling,1993,516 Knutson Terrace
867,777-39-9747,Therine,Sink,1998,9 Lotheville Court
868,134-56-0336,Milzie,Caltun,2001,8 Onsgard Plaza
869,790-99-2698,Renata,Brackenridge,1989,2771 Rowland Circle
870,528-94-3214,Florence,Petters,1984,9 Porter Plaza
871,322-37-1930,Ram,Cattroll,2010,5 Northwestern Plaza
872,719-67-5079,Klarika,Stent,1990,789 Mayer Court
873,867-55-3263,Alaster,Conrard,1998,93 Heffernan Park
874,740-27-0673,Wilfred,Marshman,2004,45560 Thackeray Way
875,495-83-9063,Marmaduke,Curtoys,2011,7 6th Court
876,207-93-5894,Lilias,Lemme,2004,467 Haas Court
877,469-64-8827,Suki,Huckleby,1999,90 Clove Center
878,163-70-4102,Erina,Guntrip,1992,7 Banding Junction
879,396-78-8472,Hubert,Wehner,1990,914 Milwaukee Trail
880,551-28-9717,Ellary,Radloff,2007,83 Del Sol Place
881,565-23-4991,Johnathon,Jahner,1990,67785 Hagan Parkway
882,867-49-0899,Adrienne,Trussman,1995,4989 Loeprich Avenue
883,619-66-7012,Erminia,Tant,2005,19090 Lukken Alley
884,526-82-0463,Alley,Bortolutti,1994,9 International Street
885,464-40-8233,Alonzo,Degoey,1988,318 Steensland Place
886,403-75-1080,Angelico,Kembrey,2011,4563 Ruskin Terrace
887,495-97-3011,Maddalena,Bouette,2003,3 Burrows Road
888,248-90-7651,Rosaline,Kippie,1997,11 Northwestern Road
889,264-90-4986,Nick,McGourty,2003,39022 Michigan Junction
890,523-93-8980,Dodi,Shevill,2002,8 Bonner Street
891,242-11-6662,Morton,Lemmanbie,2011,0713 Burrows Plaza
892,318-54-5083,Magdalene,Applegate,2005,53626 Express Hill
893,431-68-8920,Kat,Seeman,1986,58 Esker Place
894,430-26-7772,Salvador,Hubane,1992,48 Express Court
895,353-55-0695,Alexei,Branston,2008,47 Grasskamp Hill
896,576-70-0050,Humberto,Moyes,1986,44671 Mendota Road
897,632-42-1345,Ddene,Lenormand,2013,6488 Autumn Leaf Park
898,304-33-1038,Joellen,MacShirie,2009,202 Declaration Crossing
899,844-47-1444,Diane,Beswetherick,1993,332 Mesta Terrace
900,885-60-9323,Aleta,Wagner,2012,35 Schurz Point
901,102-35-2989,Harwilll,Cuckoo,1998,44 Westerfield Parkway
902,403-93-2194,Othello,Feavearyear,2002,19 Waywood Circle
903,293-98-6475,Noreen,Husband,2002,4 Wayridge Center
904,380-24-2948,Silvan,Danilyak,1992,75 Kensington Terrace
905,225-26-3495,Jean,Kamien,2000,6 Di Loreto Center
906,836-85-1272,Veronique,Mellody,2007,533 Crownhardt Hill
907,750-68-6732,Lil,Taft,2009,124 Kipling Way
908,484-75-3330,Gilbertine,Appleby,2012,272 Division Plaza
909,221-47-0146,Pet,Roulston,2011,9 Continental Circle
910,379-74-6783,Marilee,McClinton,2005,86445 Northview Circle
911,135-18-5948,Margarita,Fairburne,2006,6 Linden Hill
912,789-25-2205,Jordan,Richardon,2007,041 Bobwhite Junction
913,222-62-0166,Olag,O'Cullen,1990,14 Donald Lane
914,350-33-4132,Vin,Tibbles,1994,3304 Ridge Oak Road
915,769-78-9533,Quillan,Jaggli,2011,1316 Pankratz Terrace
916,209-88-3571,Link,Stut,2012,78977 Loeprich Junction
917,139-66-1275,Terry,Bilsford,1991,5835 Express Park
918,690-04-1011,Nikos,Arnaldy,2006,56117 Katie Avenue
919,693-47-4947,Tabatha,Ansteys,1996,5 Nobel Road
920,402-08-7871,Willis,Norker,2006,16 Killdeer Plaza
921,687-90-8726,Clair,Antonsson,1993,652 Nancy Pass
922,118-94-6902,Silvio,Ruddle,2000,3 Larry Trail
923,465-11-2825,Philbert,Sargison,2009,05 Northport Alley
924,258-82-4424,Sande,Hanfrey,2001,0463 Main Court
925,758-61-3639,Blaine,Niblock,2004,91 Boyd Place
926,608-51-7981,Gayla,Roxbrough,1997,84056 Brentwood Avenue
927,479-15-0232,Kelby,Habben,2007,1 Twin Pines Center
928,486-44-6364,Biddie,Newbury,1993,1 Lighthouse Bay Center
929,898-87-8459,Rayna,MacCaughen,2006,15 Clarendon Avenue
930,341-33-1483,Ximenes,Ciccotto,2006,246 Reinke Terrace
931,716-33-1879,Tiena,Garham,1999,63 Kennedy Court
932,556-47-0831,Onfre,Wevell,1988,8 Delladonna Pass
933,390-35-4014,Rouvin,Ledster,2011,36309 Randy Alley
934,515-52-4140,Kaye,Khristyukhin,2010,36 Mcguire Parkway
935,684-39-8472,Cale,Bartos,2002,0208 Del Mar Center
936,307-01-9713,Boony,Sundin,1999,8132 Fair Oaks Road
937,323-32-0980,Meredith,Probey,2005,3 Luster Way
938,803-66-3443,Diego,Sivyour,1989,97641 New Castle Plaza
939,667-07-8959,Malynda,Pescod,1989,36036 Dovetail Circle
940,513-86-3871,Ali,Simnel,1995,71820 Packers Drive
941,511-22-8677,Lana,Cobbald,1996,1 Bartillon Terrace
942,475-44-2846,Ray,Poulsom,2003,232 Sutteridge Terrace
943,778-25-5728,Ruthi,Inold,2010,1261 Drewry Way
944,261-35-7520,Bale,Blinder,1987,92 Bowman Terrace
945,769-13-5268,Farlie,Pickworth,2008,774 Maywood Park
946,430-33-2572,Rad,Shoebottom,1993,309 Village Place
947,757-33-4262,Clemmie,Kilbane,1994,922 Helena Drive
948,329-03-9286,Carry,Valder,1993,01 Parkside Park
949,496-55-0080,Wendie,Groom,1989,51538 Sundown Junction
950,341-91-4622,Yorgo,Nuzzti,2009,788 Moulton Alley
951,170-83-0770,Bruce,Stagg,2010,6974 Sage Terrace
952,682-52-8179,Robbert,Campany,2003,44908 Hudson Plaza
953,189-33-3753,Esra,Hammersley,2008,6 Burrows Junction
954,387-96-5428,Glori,Linnit,2008,439 Forest Dale Park
955,668-48-0984,Arabele,Hutsby,1990,07 Rigney Way
956,161-53-8322,Heidie,Lansley,2011,645 Nobel Lane
957,190-64-4320,Standford,Le Marquis,1984,9 Quincy Lane
958,356-46-3823,Alon,Bellenie,1993,3 Fulton Point
959,354-14-9290,Dorey,Danielkiewicz,2011,53623 Texas Drive
960,169-69-3889,Michel,Tirone,2002,20 Debra Trail
961,249-89-4374,Norma,Armsby,1993,2276 Knutson Hill
962,635-03-7276,Nedi,Piggott,1992,59345 Rockefeller Parkway
963,710-39-9915,Trip,Drakeford,1985,7 Huxley Hill
964,313-18-2132,Karly,Darell,1995,9966 Melrose Lane
965,210-78-0948,Kelsey,Gradly,1992,1 Forest Circle
966,595-05-8527,Emmerich,Stebbins,1987,0253 Park Meadow Road
967,168-65-2145,Eyde,Dwyer,2008,8 Golf Course Court
968,163-81-7556,Micheil,Hutcheon,2012,11 Rigney Point
969,136-82-6308,Kellby,Greenall,2007,7756 Fairview Circle
970,506-68-7685,Dannie,Stonier,1997,19058 Little Fleur Way
971,871-68-1890,Mic,Wimes,2000,67 Lakeland Street
972,107-64-9574,Oralle,Donan,1998,72626 Ridge Oak Circle
973,893-42-2942,Onida,Torrijos,2002,7671 Warner Lane
974,696-27-9478,Horatia,Herity,1985,7 Acker Street
975,442-57-5767,Rudolph,Doore,1992,7322 Kipling Avenue
976,265-04-5861,Bengt,MacCaig,2012,97 Darwin Pass
977,892-36-3176,Rubie,Maccrie,1985,72 Michigan Lane
978,459-41-6454,Arney,Partener,2011,34926 Autumn Leaf Junction
979,401-16-2753,Reed,Tomlin,2002,35123 Tony Crossing
980,686-45-7372,Barry,Indruch,1989,4 Calypso Trail
981,135-82-1667,Eolanda,Wackly,1984,17 Lien Lane
982,507-50-0676,Coralie,Winwood,1999,34519 Glendale Way
983,553-90-9044,Kathrine,Georgel,1997,58735 Paget Crossing
984,565-71-9568,Ruddy,Keel,1962,88 Stuart Alley
985,481-34-8859,Maressa,Assaf,1989,425 Hermina Plaza
986,294-80-1666,Zebadiah,Moxted,1984,3 Mesta Avenue
987,853-20-2699,Dean,Brewers,2006,4 Hooker Avenue
988,786-12-8623,Aland,Ettery,2004,8 Clarendon Terrace
989,436-34-2297,Georgia,Flieg,1996,0024 Buhler Lane
990,419-74-2031,Chrysa,Nesbit,1984,88567 Namekagon Avenue
991,787-42-5629,Skip,Le Sarr,2011,6 Prentice Hill
992,869-48-1447,Chiquita,Barnett,2003,26 Hoard Junction
993,333-36-4299,Thelma,Murrison,2006,6 Holy Cross Center
994,838-99-3982,Tabby,Davidman,1995,64 Ridgeway Place
995,211-40-1240,Stephen,Bigley,2002,83979 2nd Pass
996,592-54-6648,Curtis,Bunford,2006,8 Barby Parkway
997,128-78-0425,Lou,Quigg,1999,21 Mockingbird Parkway
998,439-38-4412,Zelda,Joyson,2004,8568 Comanche Road
999,530-12-5359,Carroll,Renals,2000,771 Eastlawn Court
1000,490-19-9078,Happy,Lubomirski,2001,1538 Garrison Terrace
