code,name,description,nitRestaurant,price
50436-9023,Wynnie Boich,Mumps vaccination,458-06-8109,18.26
0904-6068,Konrad Dodgshun,Wedg resec entropion rep,303-85-0612,89.69
59779-064,Kittie Bachnic,Replace gastrostomy tube,289-80-6640,38.70
11701-066,Brit Brechin,Arthrodesis of shoulder,500-09-1797,2.42
64720-139,Cletis Dugald,Limited eye examination,588-34-3963,23.25
35356-091,Mil Skellion,Total ankle replacement,775-83-3848,47.32
98132-924,Benito Gainsburgh,Ind therap psychsex dysf,295-29-7287,22.84
0173-0848,Evvie Ruler,Lap abltn liver les/tiss,219-88-5000,59.42
50436-6650,Tabby Kilbane,Tot repair tetral fallot,677-36-9651,58.27
64117-989,Rouvin Luckey,Individ psychotherap NEC,100-93-9139,21.04
36987-2294,Clarey Metson,Pack ext auditory canal,552-94-4393,65.79
68788-0005,Chaddie Larner,Perc transmyo revascular,203-88-6383,82.82
67046-982,Yorke Kellegher,Coron vess aneurysm rep,676-50-8836,44.62
0113-0173,Woodman Frary,Clinical hearing test,120-87-6597,43.09
36987-1808,Abbott Kittley,Hemorr contrl post T & A,841-03-1102,38.74
0641-6082,Averell Volkes,Limb skin traction NEC,364-33-9300,82.88
63824-401,Bowie Wyley,Local sm bowel perfusion,886-34-6011,79.01
59779-301,Nadiya Downes,Head soft tiss x-ray NEC,875-71-8619,94.92
0113-0013,Binky Timothy,Suture anal laceration,894-58-9267,14.05
59779-013,Avrit Pratte,Decortication of lung,320-68-4604,21.15
0268-0937,Tawnya Aston,Skeletal series x-ray,637-60-0476,54.17
16714-304,Alfonse Ormrod,Laparoscopy,367-90-2797,92.54
13537-113,Yank Buxcy,Periprostatic biopsy,111-71-0227,31.72
65044-3141,Curran Dalinder,Endosc destru lg int les,734-16-7966,6.09
57664-102,Jayme Grishakov,Anal anastomosis,332-94-8041,14.22
76329-3012,Roley Paulet,Laparotomy NEC,363-63-7057,43.05
10158-001,Edan Thelwll,Lysis cortical adhesion,867-41-2147,98.54
10967-583,Darbee Crookston,Insert 1 vascular stent,592-19-3576,79.11
54868-2323,Melessa Brummell,Other repair of knee,535-88-9567,47.24
76420-743,Gleda Burrus,Inser temp pacemaker sys,482-90-6544,83.83
49884-463,Alanna Bartalin,Lid recons-part thic NEC,596-86-1302,88.57
50114-0150,Valina Swalteridge,Exc les soft tissue NEC,123-39-6331,34.51
60258-190,Allyn Windham,Scrotum & tunica i & d,235-93-8195,24.66
57237-042,Nert Tolwood,Interruption vena cava,668-02-6654,63.25
51285-441,Chris Prichard,Shorten 1 extraoc musc,768-95-1154,33.68
55154-4760,Julianne Crawforth,Metacarpophalangeal fus,664-70-5539,25.88
57664-214,Matthiew Memory,Therapeut distent bladd,283-70-6371,88.22
0781-3208,Cathyleen Lill,Apicoectomy,510-73-2611,95.44
48951-7016,Cornie Proughten,Bact smear-upper GI,157-81-1580,36.15
49288-0001,Wake Gwynne,Removal superfic FB eye,705-58-8920,37.94
41520-544,Linn Rottger,Synovectomy-site NOS,707-28-3478,34.47
55154-3431,Ashil Teenan,Lap rev gast restri proc,536-24-7037,4.96
63824-124,Melony Enrietto,SuperSat O2 therapy,881-10-4427,52.80
55154-1057,Sebastien Gurwood,Music therapy,598-97-9790,11.13
55111-533,Katrinka Norgan,Divis glossopharyng nerv,393-69-1693,56.94
0781-3240,Kial Ramsay,Open osteoplas mand rami,467-31-8143,96.95
0781-3777,Silvain Rolinson,Vas & epididy repair NEC,246-47-6037,19.19
55154-2375,Jacquenette Smithe,Pineal field exploration,128-70-1431,74.50
67692-332,Talya Lomen,Exc les sft tiss hnd NEC,245-47-9850,6.03
0113-0430,Heath Bruggen,Cl fx reduc-finger,161-42-6572,30.87
65121-494,Cherry Methven,Procedure-four+ vessels,371-91-2854,85.39
50436-3074,Herve Pietasch,Thor rep-diaph hern NOS,456-11-9524,1.65
10056-530,Maxy Missenden,Suture duoden ulcer site,751-24-7632,97.34
67777-174,Caria Prendeville,Allo hem stem ct w/o pur,654-11-4072,44.67
63629-5147,Alexandros Snowdon,Excis metatar/tar-graft,834-81-9592,90.58
0378-1667,Camellia Rudgard,Cyclodialysis,133-84-3967,22.71
52426-220,Riccardo Bordman,Electrocochleography,881-97-3519,44.75
58406-435,Reinaldos Dyhouse,Lid lacer rx-prt th NEC,557-34-3947,81.01
0904-5154,Jessie Artin,Retinal tear repair NEC,461-68-6508,93.87
62032-121,Lawton Piens,Auto bone mt w purging,654-80-0535,93.55
42903-002,Micheline Parysiak,Oth laryngeal operation,575-98-7538,95.02
60808-000,Marys Nuzzti,Bilat extend simp mastec,362-82-6685,9.63
33261-001,Gustaf Formie,Nasal sinus fistula clos,430-32-8928,90.73
64616-107,Ailey Carnachen,Lg bowel dx proced NEC,448-74-8921,18.75
21130-610,Damaris Garlinge,Toxicology-op wound,202-03-9940,40.67
57520-0143,Bendite Maccree,Osteoclasis-femur,537-15-7749,64.30
47682-006,Starr Biernat,Vacuum ext del w episiot,335-60-1140,32.38
49349-550,Lura Kahane,Thoracic spine x-ray NEC,153-42-1124,87.19
21695-755,Caryl Baxstare,Operations on clitoris,869-14-3807,42.45
13537-121,Abel Goodsell,Urin diversion to bowel,280-39-4833,0.48
15749-820,Jaquelyn Devil,Nasal lesion excis NOS,308-05-6666,1.91
36987-2182,Mona de Villier,Post synechiae lysis,835-71-8676,53.52
65919-002,Eirena Piscot,Hand tenonectomy NEC,479-85-0683,62.69
0270-1316,Phaedra Tydeman,Scler fistuliz w iridect,527-63-5438,52.41
42254-110,Humbert Hazelhurst,Clos bx saliv gland/duct,290-97-1482,91.78
34362-0302,Vivi Gingedale,Relaxation of scar,239-98-8045,21.65
52125-553,Bee Blaydes,Ovarian aspirat biopsy,389-23-0427,45.14
49404-105,Jo-ann Molnar,Ureterostomy closure,875-38-8303,17.26
68462-360,Rudolph Chellam,Drug addict counselling,531-21-9363,70.12
68258-6010,Veda Pilbury,Retinal tear laser coag,596-60-0031,57.04
52244-920,Dwight Cantera,Fallopian tube insufflat,323-50-9484,27.25
10742-8580,Laurella McCathay,Leg vein resect/anastom,575-49-5403,80.31
54296-3001,Kirstin Banasik,Rectorectostomy,400-54-3187,83.18
0904-5187,Doti felip,Cul-de-sac grf/pros NEC,228-84-6139,93.17
37000-249,Kyrstin Laxton,Metacarp/carp inj op NOS,482-89-3076,10.63
55312-647,Dorothea Mewburn,Lid marg lac rx-ful thic,148-86-4294,32.24
0143-3994,Haslett Tidbold,Detach retina-cryotherap,527-81-2650,21.24
55312-530,Desi Munroe,Bile duct excision NEC,423-47-9201,12.43
33261-896,Isidore Quixley,Destruction lid lesion,685-52-2241,14.62
69152-0022,Demetri Matheson,Cl reduc disloc-foot/toe,751-14-3931,30.45
48951-4062,Gretta Caller,Destruct chest wall les,577-27-0636,12.28
58232-0026,Ada Varns,App hybrid ext fix dev,674-73-1379,16.69
66116-464,Ynes Giacovelli,Retinal tear laser coag,441-75-6487,59.80
54868-2742,Riane Ballin,Nephrotomogram NEC,524-26-5972,15.04
68788-9714,Carmina Ordelt,Other parathyroid ops,423-65-2519,66.26
59762-4537,Brande Andor,Percu abdominal drainage,365-73-8408,51.65
53808-0398,Raimondo Goult,Excision thyroid lesion,809-19-2492,15.67
63354-450,Karrie Bukowski,Unilateral vulvectomy,411-97-0798,52.96
63187-044,Adolphus Kerrich,Vaccination/innocula NEC,645-42-6902,43.36
10202-974,Nanny Lasselle,Intrathoracic shunt NEC,388-49-0360,56.43
53329-807,Ashien Knok,Contrast vasogram,596-52-4608,15.00
0615-7514,Nickie Scaplehorn,Ovarian dx procedure NEC,869-19-6060,43.46
51815-218,Morris Hainning,Cell blk/pap-peritoneum,885-55-9551,54.25
51393-6667,Bendicty Boyse,Parasitol-spleen/marrow,562-06-9512,22.81
68084-322,Mac Legrand,Insert perm tube esophag,147-64-6955,13.21
69044-123,Lezley Boar,Skull transilluminat,315-08-0195,73.95
0173-0777,Jori Blasius,Hand skin graft NEC,827-75-0121,62.89
0023-0240,Onofredo Warstall,Endo pulm arwy flow msmt,587-33-9668,81.73
66758-017,Netti Neve,Unil subq mammect-implnt,267-56-3337,87.84
52125-020,Arliene O' Driscoll,Total hip replacement,821-14-7713,93.39
62713-941,Thedrick Barbour,Rectal perirect op NEC,628-68-8134,49.46
53329-015,Isiahi Shipsey,Arth/pros rem wo re-foot,100-63-0417,63.42
55154-5052,Niels Binton,Ther ult peripheral ves,693-85-7871,77.39
63629-3764,Ancell Akester,Contr thor arteriogr NEC,154-96-2499,25.50
0485-0206,Shalom Addie,Femoral biopsy,324-28-5947,80.04
57451-5026,Bertie Belloch,Metatarsophalangeal fus,374-38-6180,87.73
64980-190,Aigneis Weddell,Suture penile laceration,660-56-1463,41.54
67172-935,Gail Hutton,Spine tract w skull dev,663-61-2718,63.51
50466-575,Nicolette Edensor,Nonmag remov ant seg FB,332-76-8421,52.45
54973-9147,Kenna Blease,Unilat simple mastectomy,269-68-2819,98.67
33261-848,Terry Gareisr,Incis perianal abscess,884-21-3257,7.89
0179-0119,Creigh Jarret,Range of motion testing,862-12-0266,6.03
60846-810,Freddie Nolda,Closed adrenal gland bx,700-37-7618,98.29
48951-4092,Michel Churchley,Lysis of tongue adhesion,385-70-3324,62.03
68405-024,Kacie Turbat,Chest cage wedg osteotom,252-85-2606,82.61
65841-686,Yolande Quinnelly,Hand tendon reattachment,594-66-1863,28.60
48951-8165,Marlene Walford,Other phototherapy,815-08-8248,8.37
25010-810,Coreen Buckston,Entral infus nutrit sub,243-28-6147,95.30
53329-138,Burnaby McMichael,Max art lig for epistax,143-23-4334,77.65
61957-1002,Robinson Wank,Neurologic examination,611-72-0462,43.45
49349-262,Onida Crystal,Toxicology NEC,358-90-0213,99.71
69041-004,Alikee Sweetenham,Manual reduc rect prolap,555-45-4066,32.81
21695-458,Jarad Zappel,Excise patella for graft,106-79-6614,23.71
0093-5768,Harriott Brislen,Percutan vertebroplasty,885-87-7861,50.49
55754-121,Bennie Gurney,Cnt intraart bld gas mon,114-92-8651,67.54
57664-239,Elva Fedoronko,Ureth/periureth op NEC,216-09-2887,66.00
17575-020,Harland Karpf,Impl intraoc telesc pros,680-55-8679,96.47
49349-562,Otho Aizic,Temp detach >1 xtroc mus,270-37-1709,55.02
0245-0039,Armstrong Bannister,Pneumoencephalogram,341-59-2082,39.49
68828-179,Fabe Attree,Parasitlolgy-lower urin,174-74-0801,33.87
41163-314,Jarid Ropcke,Type 4 tympanoplasty,404-53-0740,46.58
65862-361,Isabelle Darleston,Insert 2 vascular stents,860-88-8041,78.07
52533-001,Jeff Abrashkin,Periph nerve destruction,356-36-6432,62.77
63981-604,Micky Wetherald,Oth cardiac mon output,243-37-3653,88.21
49738-079,Dennie Piletic,Insert uterine device,847-86-7686,48.09
43419-013,Gayel Furtado,Removal iud,246-46-1669,91.37
68403-1100,Gayla Benedyktowicz,Peritoneal incision,515-44-2133,25.20
64942-1279,Cchaddie Hainey,Tooth & gum dx proc NEC,519-92-6162,0.33
54868-5794,Milo Zielinski,Intraop gastric manipul,394-47-6813,2.71
0904-6344,Jourdan Bett,Yellow fever vaccination,292-52-5743,67.45
49781-098,Maye Santostefano.,Chemical shock therapy,404-77-6999,42.66
62296-0032,Edita McHale,Pancreatic anastomosis,796-67-0689,8.74
11994-128,Asia Sherborne,Humerus wedge osteotomy,380-29-4706,53.97
51991-363,Morgan Allsopp,Skin graft to mouth NEC,868-53-3238,57.04
76234-000,Mellicent Stidworthy,Remov biliary/liver tube,697-07-7729,80.97
55926-0021,Gayel Piddick,Pneumoperit-lung collaps,267-35-4128,91.68
54868-5079,Brock Pullar,Fit lo arm/hand prosthes,342-69-1153,74.30
55758-005,Clara Littlekit,Remove orbital implant,670-25-4917,83.30
57955-5018,Scarlet Comerford,Prod subq tunnel no anas,182-29-2476,13.77
68788-9521,Andrew Pfertner,Fit below knee prosthes,836-35-5601,43.47
64175-991,Jock Carryer,Oth exc/dest intvrt disc,112-88-8971,5.05
65044-0833,Aila Renihan,Bact smear-ent/larynx,527-74-7516,20.90
49288-0608,Tudor Burt,External ear biopsy,357-98-2469,63.73
64064-002,Bondy Rains,Cystotomy & adhesiolysis,222-65-7182,75.99
21695-143,Noah Tippings,Refus oth cerv post/post,842-08-6560,11.64
51270-118,Lu Lias,Lap bil dir ing hrn-grft,623-13-5748,20.12
55910-379,Breena McRory,Remov intralum gastr FB,526-06-9515,7.72
43979-400,Harper Bunclark,Oth exc/dest intvrt disc,362-84-8543,61.90
50436-5506,Veronique Marsham,Other heart/pericard ops,121-94-9256,83.38
21695-283,Xylia Guillard,Vaginal const w grf/pros,148-70-6588,26.24
65966-014,Irina Cousen,Laparoscopic liver bx,268-59-1233,94.80
49738-177,Janice Josefer,"Repl pacem w 1-cham, non",554-02-4108,10.97
0069-0076,Aarika MacAree,Destruct-hip lesion NEC,246-21-8079,83.67
10544-503,Chiquita Tomczykiewicz,Vaginal repair NEC,468-35-5766,53.62
68712-049,Cecile Davern,Rev/reloc card dev pockt,897-62-8088,9.10
42291-629,Fredelia Eddowes,Arth/pros rem wo re-shld,541-50-2234,74.59
61355-570,Ingra Tough,Culture-female genital,764-10-4009,79.84
50111-851,Sigfried Jack,Dx ultrasound-abdomen,466-43-2623,6.21
54868-6360,Chev Hessle,Unil breast injec-augmen,201-91-6413,30.00
57687-290,Bram Blundan,Radical orbitomaxillect,887-01-6718,31.24
37808-949,Artair Barhems,Renal repair NEC,174-74-7972,97.28
0078-0240,Scottie Genty,Extracorpor hepat Assis,554-24-4042,76.76
49349-281,Kasey McInility,Applic ext fix dev-femur,732-64-1706,36.55
55154-1610,Gustavus Kersey,Opn mul seg lg intes NEC,585-36-2010,0.73
0173-0453,Claudell Dartan,Skull biopsy,519-34-6631,98.23
52125-487,Louis Pakenham,Hand synovectomy,527-59-6782,36.14
21695-996,Isidro Orum,Therapeu plasmapheresis,876-67-8256,68.39
52125-488,Zahara Gredden,Soft tissue incision NEC,375-14-8043,62.39
41190-951,Hesther Caulder,Rx cornea lac w conj flp,831-81-3932,7.81
10147-0883,Karina Rollason,Tot ostectomy-femur,426-63-9027,20.08
43742-0098,Cyb Rittmeyer,Play psychotherapy,430-84-8207,33.32
55316-393,Porter Titchener,Tu remov ureter obstruct,588-99-9401,14.64
0363-0130,Pierette Castiblanco,Rev knee repl-tibia comp,237-60-2595,62.70
63323-324,Raquela Buye,Thermokeratoplasty,702-30-2259,52.15
0135-0226,Lucille Maestro,Other bronchial excision,602-78-1615,80.56
76419-211,Tobey Bracchi,Corneovitreal adhesiolys,338-34-2224,70.07
15197-007,Dory Dalwood,Rehabilitation NEC,479-61-2985,37.53
0179-0034,Tobit Snowsill,Detach retina laser coag,367-52-4350,50.55
68788-9413,Ursa McGarrell,Repair staphylom w graft,282-40-6878,60.21
65044-2634,Darrelle MacGillicuddy,Sequestrectomy NEC,413-16-6380,29.13
0179-0094,Gregoor Birbeck,Radical mastoidectomy,801-97-9912,64.63
16590-129,Lauralee Rouke,Small bowel fixation NEC,210-69-2239,3.60
62584-746,Kinny Lorenzo,Remov trunk suture NEC,514-61-1014,38.48
50268-101,Glendon Lindenberg,Suture ext ear lac,598-04-6499,47.73
51460-1112,Beverley Downage,Vessel operation NEC,766-01-0815,90.93
62007-023,Flossi Winborn,Rev jt repl upper extrem,221-86-8691,17.74
37808-430,Eleanor Gaydon,Arth/pros rem wo rep-elb,721-18-2996,18.48
68472-104,Nikolai Letteresse,Destruct peritoneal tiss,270-53-3745,45.76
0363-0664,Fifi Papaminas,Thorac sm bowel interpos,535-94-6389,3.05
0781-9407,Cherie Mac Giolla Pheadair,Comprehensive eye exam,477-50-6925,56.92
66902-229,Mariska Hambers,Incis perianal abscess,402-87-9814,46.18
51079-599,Hilary Bigrigg,Rev knee repl-femur comp,363-23-4744,97.56
58789-002,Kahlil Gladdolph,Tonsil&adenoid dx op NEC,587-13-4445,11.80
0378-4532,Harmon Meanwell,Culture-integument,242-79-1316,40.52
50268-599,Frederich Krebs,CAS w fluoroscopy,229-69-6904,60.88
43498-151,Dulce Ismail,C & s-female genital,369-61-3787,13.11
0228-2550,Jillana Woodier,Glaucoma testing,857-61-1425,50.28
63824-302,Modesta Spurnier,Extraoc musc-tend biopsy,282-69-3176,44.18
52584-032,Ram McElhargy,Oth remove rem ova/tube,433-55-6834,58.97
24909-148,Johny Rooksby,Rotator cuff repair,660-09-0966,61.45
55289-024,Loella Blain,Pancreatic heterotranspl,250-79-4153,91.47
49884-494,Natassia Reckless,Scarification of pleura,125-36-4373,84.75
44597-5605,Tiffy Rolstone,Parathyroid reimplant,833-41-5971,0.76
64762-861,Bette-ann Stanaway,Radius/ulna inj op NOS,219-90-7620,99.46
42254-090,Hillard Iacovaccio,Remove ureteral ligature,767-49-9844,46.53
65044-0826,Neda Bertolin,Bact smear-lymph system,733-79-3714,70.50
69075-001,Stevena Loxdale,C & s-integument,141-35-9165,3.00
63824-926,King Newcomen,Uterine art emb w coils,701-69-1793,56.26
65342-2000,Mollie Tollerton,Exc correct bunionette,668-39-0278,62.68
16729-115,Sheila-kathryn O'Henehan,Perivesical incision NEC,564-19-5051,1.49
61995-1386,Viviene Maroney,Tot mandibulec w reconst,425-62-1494,61.66
58980-452,Man Senn,Smallpox vaccination,801-23-0639,52.60
37000-395,Percival Eskell,Esophagoscopy NEC,454-95-8477,4.37
0173-0741,Russ De Freitas,Suture of vessel NOS,345-86-1312,15.56
24385-130,Blayne Robjohns,Tm manipulation NEC,545-48-7366,32.70
48433-308,Courtney Eland,Pyelotomy,423-41-6682,39.79
60512-6033,Dominique Martinat,Lap wedge resect ovary,463-37-0571,92.85
54092-517,Denys Worden,Repair ob lac uterus NOS,443-10-1946,3.05
43063-232,Elyssa Skokoe,Opn reduc disloc-shouldr,684-76-5540,89.56
68647-196,Jocelyn Nerney,Inject/infuse NEC,498-02-8189,33.29
59115-129,Rosaleen Lusgdin,Gb-to-stomach anastomos,402-54-4100,81.91
16729-148,Kellyann Beckford,Partial pancreatect NEC,612-68-5966,58.71
43478-410,Remington Lisciardelli,Esophagostomy closure,180-84-8742,97.92
0280-1460,Reta Mosdell,Fiber-optic bronchoscopy,208-24-8662,56.65
30142-928,Northrop Oehm,Open thyroid gland bx,422-35-2640,71.56
55154-4915,Madella Kiefer,Endosc control gast hem,117-77-6997,54.32
68001-220,Feodora Hearnah,Puncture of spleen,222-25-7628,87.27
54458-892,Huey O'Lynn,Eye enuc w implant NEC,718-67-7866,52.90
52685-431,Jared St Ledger,Pressure dressing applic,184-64-2302,83.09
67046-107,Elisabet Veque,Hemorrhoid cryotherapy,719-77-8609,7.29
0591-3759,Mella Tetther,Abd-coron artery bypass,328-98-6569,6.74
0781-5175,Abeu Turnock,Appl ext fix-chest cage,519-73-1182,18.26
42549-659,Winnie Gadaud,Total wrist replacement,354-04-1519,20.19
66993-050,Addi Staniland,Revis inner ear fenestra,459-50-6973,67.28
11673-437,Bryce Cummins,Open mediastinal biopsy,710-59-5851,6.36
54569-1285,Fredericka Sturrock,Suture of pharyngeal lac,856-44-5524,69.48
52731-7051,Marne Cuphus,Bone biopsy NEC,434-21-5792,36.64
54092-254,Debbi Rzehorz,Insert vasc access dev,189-34-5657,56.88
68788-9100,Uri Sommer,Spectacle fit & dispense,301-73-4149,72.83
0573-0165,Pammi Yurshev,Excision foot joint NEC,691-68-9632,81.90
60505-2652,Rafaelia Quarlis,Replace gastrostomy tube,895-74-8582,37.19
13537-546,Tymon Pestell,Thyroid suture,277-76-5073,32.13
59212-659,Avie Pentycost,Bronchial operation NEC,319-65-5535,91.30
62011-0158,Anneliese Saffen,Percutaneous pyelogram,701-66-4401,8.19
0378-0073,Enos Bosence,Nasal fistula closure,505-64-4029,18.43
61727-339,Rachael Freegard,Extraperitoneal c-sect,497-85-1391,51.58
52125-559,Lib Simecek,"TRAM flap, free",470-52-8168,72.13
0071-1017,Kial Danilovitch,Tongue dx procedure NEC,575-81-8224,50.99
41163-089,Mellisa Shefton,Skull transilluminat,748-03-5512,81.69
66794-015,Royal Jest,Dilation of rectum,270-97-5547,61.36
31722-505,Gabe Pickersgill,Eye/orbit inj repair NEC,835-35-5479,98.69
54868-4711,Frederick Richardet,Insert/replac skull tong,347-24-7496,12.87
63629-1345,Baily Wandless,Catarac phacoemuls/aspir,328-85-0402,56.72
16729-146,Taber Betonia,Spinal refusion NOS,237-67-7975,82.51
49348-805,Sunny Pahlsson,Remov intralum stoma FB,402-36-9652,73.53
53808-0976,Mellicent Sanbrooke,Cell block/pap-endocrine,404-56-2120,25.22
62011-0221,Sanderson Cromley,Myotomy of sigmoid colon,362-09-1887,78.02
64942-1096,Bevan Angel,Adhesiolysis mus/ten/fas,127-81-1206,38.07
63323-289,Caspar Brunn,Decortication of lung,730-29-3102,21.31
53808-0355,Tommie Tanfield,Cls red-tibia/fib epiphy,714-76-1896,53.10
0270-0149,Andreas Scoggans,Radical maxillary antrot,525-12-8583,59.17
17478-826,Mirabella Bellay,Transpleura thoracoscopy,365-28-0404,36.96
46122-055,Brianna Whopples,Lac punctum obliteration,876-08-5981,99.38
36987-2544,Lindi Tomei,Pancreatotomy NEC,148-90-1411,62.90
68645-340,Harri Finlay,Other C.A.T. scan,567-58-5441,17.51
49884-650,Roy Beauman,Transabdomin gastroscopy,195-80-7659,66.94
10096-0243,Kat Reeman,Postop vas reconstruct,501-94-0051,11.35
49580-1434,Yvor Dalloway,Arthrodesis of shoulder,298-72-4792,73.48
37000-913,Junie Myott,SuperSat O2 therapy,451-16-6783,18.01
51531-5395,Sofie Reinard,Operation on lens NEC,827-71-9551,54.30
52125-183,Jere Gooch,Renal diagnost proc NEC,627-90-8695,75.03
63323-285,Dee dee Scrivenor,Cord bld stem cell trans,566-62-8089,49.08
63629-5078,Shauna Adriani,"Oth exc, fus, repair toe",870-79-8059,58.27
55038-555,Blake Aspinall,Extracap lens extrac NEC,586-03-4409,79.35
68428-064,Reta Ivanilov,Resect ext seg sm bowel,302-30-3259,91.13
37000-813,Jase Toolan,Psychologic test adminis,125-10-6270,25.31
0067-0003,Dukie Gooke,Referral for psychother,331-52-7892,60.61
41250-668,Giffer Penley,Grft repair hrt sept NOS,594-68-4214,75.04
0078-0595,Amabel Hovey,Blow therapeut into tube,256-09-8651,48.71
0268-6108,Sharleen Graveston,Opn bi dr/in ing hrn NEC,746-96-1381,68.75
54569-5227,Clayson Shuard,"Oth exc, fus, repair toe",496-28-9175,95.96
49288-0379,Hilliary Ambrosetti,Anal sphincterotomy NEC,601-07-1606,1.49
48951-4002,Witty Kertess,Puncture of lung,657-92-7036,32.11
35000-715,Mahalia Bricklebank,Contrast arteriogram-leg,860-08-6965,43.58
55154-8257,Cynde Pothecary,Remove dental packing,403-50-1907,18.51
64380-758,Irma Fitzsimmons,Partial splenectomy,706-38-2822,14.71
51824-007,Emelina Seares,Local renal perfusion,217-11-8985,88.91
66116-255,Ely Godfrey,Replantation of scalp,137-01-1361,38.19
75956-147,Anitra Regnard,Remov urin drainage NEC,466-44-8077,19.92
50419-701,Obadias Sandifer,Drain appendiceal absc,185-60-7249,78.99
58668-2872,Hyman Geraudel,Perc transmyo revascular,419-04-4418,61.68
60505-2592,Gabie Afield,Cell block/pap-endocrine,272-86-1339,11.38
67046-230,Yolande Morigan,Low forceps operation,739-06-1883,0.74
20276-321,Cyril Ephgrave,Surg tooth extract NEC,413-78-3104,2.81
57894-061,Kimberli Treadwell,Suture of lip laceration,541-22-1354,69.01
67296-0584,Benedicta Summerbell,Lap periton adhesiolysis,750-46-2105,56.58
0245-0035,Bartholomeus Pepon,Remov gastrostomy tube,608-54-4771,29.87
54473-176,Hanna Billing,Gastric repair NEC,223-81-4548,20.29
45014-150,Julietta Shirt,Limb shorten-metacar/car,385-10-4824,27.19
60681-1105,Leesa Rigmond,Cut & prep pedicle graft,303-80-8376,22.02
11390-001,Hilda Lindner,Closed spleen biopsy,263-03-4206,36.89
51141-0300,Akim Gallandre,Corneal operation NEC,824-40-0882,34.63
55154-5359,Marcella Pauling,Manual explor uterus p/p,364-47-5388,80.21
35000-857,Orran Melling,Bil breast injec-augment,703-29-0823,94.36
0942-6478,Adriaens O'Hallihane,Abdominal artery excis,741-68-6263,11.38
62713-925,Danielle Odom,Opn red-sep epiphy-femur,468-58-9825,28.84
68308-554,Findlay Adamsen,Lengthen 1 extraoc musc,125-90-4541,21.74
43455-0020,Robbyn Egdal,Oth sleep dis funct test,749-61-8543,47.55
65044-5113,Liva Kopf,Rad node dissection NOS,213-72-2191,91.60
0069-0173,Lindsay Sayburn,2ndry ocular imp insert,761-96-4344,97.78
0338-1123,Lindsay Palomba,Bowel diagnost proc NEC,408-66-8682,7.22
68084-097,Bogey Paeckmeyer,Arbovirus vaccinat NEC,581-58-4494,6.99
0699-5725,Aaron Melan,Opn/oth rep pulm vlv-tis,567-73-4128,63.19
36987-2073,Ebonee Fieldgate,Bile duct repair NEC,243-53-5489,56.77
65862-626,Gerhardine Pendered,Labial frenumectomy,277-30-5512,17.71
67046-161,Sylvan Cassy,Thoracic spine x-ray NEC,877-77-5861,79.14
63629-4725,Lorettalorna Robichon,Excis les tendon sheath,203-91-5633,77.38
55154-7474,Bonnie Arons,Detach retina-cryotherap,274-97-5547,34.41
42858-104,Rubia MacGuigan,Eye evisc w synch implan,375-40-8852,19.67
0026-3785,Raina MacMorland,Psychol mental stat NOS,104-52-1094,73.03
65044-2362,Jeanna Wollacott,Femoral wedge osteotomy,109-15-5872,17.78
49781-086,Hedvig Celle,Percutan liver aspirat,223-47-5256,97.56
33261-222,Sean Sawbridge,Implant CCM pulse genrtr,419-37-7803,0.43
0179-0098,Basilio Bearne,Lap bi dr/ind ing hrn-gr,429-32-0788,94.71
0615-7705,Marlin Cuttles,Ext carot art lig-epist,735-46-0843,49.49
49348-476,Terry Griffitts,2 int mam-cor art bypass,142-22-7401,15.25
41520-927,Bryant Largan,Remov intralum ear FB,530-69-6471,46.88
58228-0104,Cinderella Skullet,Closed brain biopsy,479-93-8531,35.67
37012-550,Willabella Budgeon,Int/comb version w extr,501-03-7013,67.18
52686-265,Chevy Phipard-Shears,Eyeball & orbit biopsy,606-72-6124,72.48
33261-756,Joshua Praten,Open bx saliv gland/duct,565-46-1690,17.95
68745-1127,Ryann Sickamore,Inject tranquilizer,852-31-5228,71.18
65517-0002,Everard Ghilks,Bilat extend simp mastec,499-05-5381,59.57
48951-6055,Page Jonsson,Vocational rehabilitat,363-44-3537,61.79
11673-461,Reinold Corringham,Lap abd rep-diaphr hern,174-52-3314,81.38
53808-0750,Dianna Hatrey,Renal diagnost proc NEC,898-09-5383,23.49
66467-2140,Teriann Husband,Ultraviolet light therap,675-35-7636,6.68
58892-336,Jordain Lorenc,Quadrant resect breast,697-55-6525,47.07
0168-0381,Brear McGeneay,Unilateral adrenalectomy,617-87-9415,15.15
65649-701,Consalve Dogerty,Revise disc prost thora,732-48-5478,90.21
36800-800,Dorotea Lefridge,Bladder les destruct NEC,827-90-7653,34.91
65044-2298,Tracee Davioud,Intracran vessel excis,131-69-5173,26.46
36987-3001,Mady Szymczyk,Manual rotat fetal head,161-43-5910,97.28
11822-1406,Pru Scrimshaw,Proctostomy,701-54-0071,78.98
0944-8503,Emily Cropp,Nonop remov hrt asst sys,892-21-1692,8.49
53942-505,Harper Raunds,Interphalangeal fusion,376-17-7785,95.65
61722-043,Adelaida Mowsdill,Tongue dx procedure NEC,320-78-7584,6.55
24385-170,Enos Garrigan,Music therapy,228-70-7307,45.81
30142-938,Giselbert Sammes,Infusion of vasopressor,259-53-4885,12.31
63304-173,Karolina Moffatt,Thyroid scan/isotop func,554-14-7422,87.95
62670-4828,Renae Floweth,Suture of tongue lacerat,839-52-6479,35.94
59091-2001,Shay Cawdron,Hrt/pericar dx proc NEC,270-99-1630,28.21
66184-125,Jerad Hanway,Destruct peritoneal tiss,814-96-5930,27.49
63029-276,Bobbette Davydochkin,Partial ostectomy NEC,326-79-2635,75.14
52125-376,Davide Vallance,Injection into tendon,153-84-7304,41.74
47918-840,Cullan Jovasevic,Salpingostomy,134-86-7560,98.48
66184-460,Lenette Durbin,Lower limb artery incis,696-66-0625,58.92
58633-231,Raddy Ricciardello,Dental scaling & debride,673-98-4388,89.04
54868-5648,Meredithe Burdin,Excis cyst duct remnant,715-88-0275,36.63
0904-6053,Arne Jedrysik,Anal incision NEC,113-41-8704,33.99
10237-708,Cymbre Dixcee,Mech vitrectomy NEC,876-51-4144,77.42
41167-0965,Aida Spain-Gower,Lap bil ing hern-grf NOS,551-41-2854,91.79
49288-0486,Ingeborg Alker,C & s-lymph system,295-29-7664,56.27
64127-154,Berta MacNelly,Radical orbitomaxillect,574-54-6542,49.45
76439-309,Randi Suston,Appl ext fix dev-patella,798-67-9839,94.42
52125-424,Chadwick Blight,Arthrocentesis,586-09-5993,76.94
44523-535,Saunderson Tiffney,Larynx cyst marsupializ,783-90-0252,77.12
33261-087,Gus Stroud,Impedance phlebogram,673-77-3110,97.37
52125-198,Luciana Hainning,Wound irrigation NEC,741-12-1708,35.03
65044-3510,Thalia Deschlein,Uvula and soft palate bx,337-62-0172,20.22
11523-7160,Darryl Kittless,Open reduct maxillary fx,890-58-2201,70.88
58836-0973,Noby Mantle,Detach retina-cryotherap,190-10-9568,99.25
68001-163,Konstantine Ebden,Oth transmyo revascular,722-54-8051,47.13
53808-0894,Shannon Dax,Ocular prosthetics,520-49-2251,88.65
66658-105,Hannie Vicary,Tot rep truncus arterios,313-91-8868,47.14
20802-1502,Kaitlin Lampens,Arthroplasty carpal w/o,884-85-8097,82.48
68084-054,Estevan Wyllie,Partial nephrectomy,625-51-0476,71.56
10096-0259,Genvieve Shutte,Lacrim sac/passage excis,497-06-3004,62.98
76237-252,Kally Cuseick,Head/neck ves resec-repl,177-43-1408,70.45
49035-183,Dru Silly,Fit below knee prosthes,267-82-4969,67.09
67457-280,Constantina McLachlan,Inser temp pacemaker sys,490-15-7490,11.82
64616-109,Tomasine Raeburn,Rectal packing,134-27-8905,77.68
50436-0157,Barde Gebhard,CAS w fluoroscopy,415-50-3721,86.12
13310-145,Tony DelaField,Electrocardiogram,683-67-3810,44.06
57469-030,Mathilda Laddle,Loc exc bone les patella,694-91-8102,80.56
76126-049,Richardo Van Der Hoog,Lacrimal sac biopsy,306-36-3185,67.29
52125-912,Adda Stenett,Surg tooth extract NEC,313-41-5504,49.73
55111-557,Laurel Hakking,Radical prostatectomy,498-08-4248,23.20
0310-0131,Ronalda Marcone,Implt/repl carddefib tot,828-59-9166,38.54
0220-9068,Judon Filimore,Impl cardiac support dev,424-06-4520,5.35
69106-050,Leela Tustin,"Ins/rep mul pul gn,rechg",253-66-1849,68.74
64735-020,Dominica Licari,Ins or rep cement spacer,252-16-2765,32.07
47682-229,Goldie Matthessen,Exc ectopic breast tissu,416-88-7768,80.32
69219-102,Wenonah Marusic,Other gu system exams,648-33-0424,56.40
42192-129,Edythe MacKeeg,Nonmag remov ant seg FB,304-84-9388,74.79
12090-0061,Vanya Rowles,Breast pedicle graft,863-84-5190,37.79
62257-770,Gibbie Feather,Lap gastric restric proc,865-84-2505,52.02
0268-0803,Mitch Pawle,Omt to move tissue fluid,248-73-2391,85.84
0642-0204,Teddi Lewsley,Eye examination NOS,684-95-6531,78.34
63629-5073,Charo Farquhar,Hypo-epispadius repair,792-64-2189,95.58
52125-434,Tamqrah Landman,Imageless comp asst surg,232-07-2536,43.09
10889-106,Christoforo Slatcher,Limited eye examination,295-30-3026,64.96
43063-121,Sawyer Boothroyd,Creat peritoneovas shunt,488-89-2418,3.22
44224-0006,Becky Caton,Biliary tract x-ray NEC,641-98-2110,8.45
10812-168,Filia Burnhill,Keratoprosthesis,447-65-8144,50.11
0781-1034,Darb Clutterham,Body measurement,404-69-5202,24.61
53808-0261,Skelly Bartholat,Manual reduc rect prolap,698-51-8058,21.36
49643-420,Dall Imlock,Nebulizer therapy,389-17-7871,23.43
62654-313,Mike Dimanche,Repair of macrodactyly,128-89-4139,26.41
55154-5367,Josefina Swannie,Heart septa repair NOS,230-33-9352,6.84
42783-312,Alix Gonthier,Dx ultrasound-digestive,709-54-6187,30.78
51672-4045,Homer Gaskoin,Cataract extraction NEC,456-40-5542,61.06
10096-0261,Steffane Arnaudi,Perianal biopsy,788-90-0734,85.17
68084-599,Berry Levinge,Parasitology-musculoskel,222-17-0925,63.51
24208-615,Laetitia Coughan,Nonmag remov post seg FB,890-41-7273,39.41
64942-1270,Jorge Karczinski,Local lg bowel perfusion,749-15-4750,45.37
48951-2076,Carlyn Libermore,Endosc retro cholangio,246-77-4056,50.24
76270-150,Gordon Welfair,Total body scan,788-54-0144,90.38
68016-353,Sasha Streatley,Elbow arthroscopy,753-76-7032,19.49
61941-0022,Wilmette Houlton,Bone division NEC,718-11-7924,40.35
50629-1010,Cindelyn Barr,Remove imp dev-metat/tar,254-96-5561,97.30
54868-4229,Iver Vanyarkin,Decompress trigem root,784-74-7294,97.06
60505-1308,Reena Ellcock,Radius/ulna inj op NOS,673-10-2629,70.39
10237-833,Audrie Martinek,Limb length proc-femur,133-39-8867,31.25
59469-171,Tanney Hauxley,Stereo radiosurgery NOS,180-21-9227,54.86
53746-206,Egbert Bulcroft,Replace ventricle shunt,664-74-1151,39.99
65342-1001,Donica Ceschini,Open lung biopsy,231-17-2619,84.00
42388-014,Emlynn Dowsey,Bile duct incision NEC,429-08-9009,15.13
22700-131,Regan Marlon,Breast implant removal,622-27-9325,70.79
58177-679,Ortensia Pizer,Chorioret les rad implan,466-88-6790,25.79
58370-3001,Daryle Lytlle,Conjunc/lid adhesiolysis,704-38-6771,96.07
36800-189,Mikael Stops,Dressing of wound NEC,592-68-7538,75.11
43406-0028,Flo Hordle,Eyeball evisceration NEC,784-68-4103,1.21
0054-8175,Verney Stut,Other myectomy,370-14-2380,39.81
66336-479,Tabor Glewe,Loc exc les metatar/tar,428-41-4939,90.61
60505-2584,Queenie Schruur,Lap wedge resect ovary,558-28-3557,12.02
0615-6561,Lavena Rushman,Biliary tract op NEC,631-72-0656,32.67
16590-057,Jillane Thewles,Parasitology NEC,701-18-6421,38.96
0603-1075,Way Ravens,Opn bi dr ing hrn-gr NEC,157-99-1695,56.57
0264-9341,Elsey Wimp,Remov biliary/liver tube,442-03-4050,77.30
63824-335,Dana Gilson,Limb shorten-metacar/car,241-93-2783,73.08
68788-9873,Colver Stollenwerck,Renal operation NEC,304-54-8582,36.68
68462-556,Brandon Martinelli,Electromyogram of eye,178-30-2402,91.01
76351-100,Galven O'Fielly,Myotomy of colon NEC,345-37-4381,64.92
21695-830,Imojean Dillingston,Endosc destr pancrea les,584-32-1896,20.23
0555-1883,Maurene Moogan,Micro exam-musculosk NEC,769-11-4655,2.50
60561-0001,Onida Droogan,Part breech extract NEC,174-46-2709,30.19
65585-497,Rubi Presnell,Replace wound pack/drain,304-63-9531,67.11
59779-276,Angelo Sutlieff,Removal fb/dev from skin,513-16-1855,20.06
68382-156,Raeann Danick,Arth/pros rem wo rep-elb,495-92-9931,69.30
60344-7001,Ulberto Hardesty,Tot gast w intes interpo,223-14-6671,64.10
43526-111,Verile Cubbino,Wrist structure division,247-48-4543,39.35
53329-082,Caspar Vagges,Endocrine dx proc NEC,190-94-2655,70.75
49035-732,Erwin Evreux,Contrast phlebogram-leg,713-38-5843,88.87
43857-0251,Christophe Seamon,Metatarsophalangeal fus,528-93-4731,26.69
60760-280,Chicky Dumbrill,Cardiac stress test NEC,446-65-0603,51.49
62670-4369,Joletta McDavitt,Remov intralum colon FB,856-46-9860,79.42
58414-8712,Jean Klaves,Resect ext seg sm bowel,355-96-8902,62.74
30142-414,Fields Worster,Other chest wall repair,498-87-2609,52.97
58503-057,Anya Kinch,Abdominal endarterectomy,562-73-9516,11.39
25373-002,Freeman Lawrinson,Exposure of tooth,273-64-6828,12.08
65044-3362,Robbin Gladwin,Oth arthrotomy-hand/fngr,737-23-3375,96.97
12546-114,Aldwin St Leger,Thorac esophagocolos NEC,634-84-2943,54.48
0093-7473,Whitney Blancowe,Pectus deformity repair,481-10-6697,80.99
0172-3926,Garvey Masic,Lap rem gast restric dev,862-71-6560,86.21
0363-3450,Fern Sillick,Eye evisc w synch implan,818-83-5732,40.24
46708-128,Roby Bergeau,"LITT lesn, guide oth/NOS",708-36-4364,47.24
60681-1244,Letitia Hanley,Gastric lavage,503-42-1607,76.50
0173-0933,Nichols Comerford,Scrotal les destruction,413-43-0540,60.02
16714-202,Harley Yitzhok,After-cataract excision,560-39-8106,61.77
67172-015,Sidoney Holley,Applic ext fix-humerus,443-25-1775,68.90
50474-932,Madonna Caulfield,Disarticulation of ankle,864-70-3186,5.58
66975-415,Tony Folomin,Brief interview & evalua,113-71-3115,51.76
51009-001,Tadeo Youell,Imp bivn ext hrt ast sys,616-85-6646,42.48
0591-3759,Enrique Jays,Retroperitoneal xray NEC,582-07-0008,88.15
76485-1017,Verina I'anson,Radius & ulna sequestrec,551-19-2020,47.69
0268-1204,Selena Lilion,Dental examination,556-13-2853,23.87
0187-5600,Dulcy Greer,Suture gastric lacerat,856-57-5028,81.15
59088-816,Donavon MacCafferty,Hymenorrhaphy,654-76-0776,36.44
10370-302,Coriss Kettles,2nd op post eye rem NEC,849-77-3124,82.97
13811-662,Maximilian Cyson,Achillotenotomy,383-01-8317,74.28
60793-606,Rosina Segebrecht,Lap lys perivesureth adh,727-62-3416,1.08
14783-604,Renate Bellay,Elbow structure division,347-36-9247,35.40
36987-1062,Sheryl Dugdale,Intestinal fixation NOS,133-28-7401,76.24
65585-577,Kriste McAless,Open brain biopsy,197-06-6975,38.03
21695-705,Lucais Sugar,Mastoidectomy NEC,787-50-4089,62.17
50458-817,Wernher Pollen,Other craniectomy,782-63-9511,4.72
63874-201,Merridie Roland,Dental restoration NEC,137-87-5072,57.85
10812-285,Marietta Flatte,Refus lmb/lmbsac ant/ant,309-64-9200,17.61
41167-0176,Dell Sakins,Hearing examination NOS,813-11-8394,81.93
0363-0633,Dill Lower,Limb lengthn-metatar/tar,413-14-5644,8.42
68428-068,Luce Linskill,Contrast bronchogram NEC,102-19-3549,29.85
65044-5265,Madalena Brewers,Humerus injury op NOS,394-11-0804,17.63
66077-773,Edita Wheatland,Rhinoplasty NEC,286-13-9810,42.03
57520-0464,Egan Payn,Unilat reduct mammoplast,830-86-6017,91.22
43353-620,Llewellyn Sheward,Cl reduc disloc-ankle,340-29-3660,66.50
55319-163,Diannne Kalisz,"Resrf hip,total-acet/fem",376-24-5957,27.13
99207-467,Bobbe Duncombe,Robotic ast proc NEC/NOS,863-63-3964,30.30
49349-497,Rachel Stoggell,Opn red-sep epiphy-humer,646-81-1564,33.33
68428-161,Haily Sunter,Sequestrectomy NOS,642-56-9330,24.50
14783-301,Quentin Naile,Skeletal series x-ray,127-60-1074,78.03
58668-3251,Orel Bickerdyke,Nonexcis debridement wnd,112-52-9925,25.64
10237-900,Merralee Alpin,Gb-to-hepat duct anast,898-41-2112,24.96
0006-5424,Baldwin Vecard,Intracran vessel incis,562-70-4397,74.26
68084-533,Darcy Donegan,Ext version-assist deliv,737-39-6222,16.44
21695-082,Nissa Swannell,Urethral pressure profil,342-50-0082,49.25
65864-001,Jeno Aubray,Closure of mouth fistula,568-88-4542,28.60
62670-4803,Evanne Dimelow,Opn/oth repl tcspd valve,736-05-3264,53.19
0187-2614,Juditha Argent,Exploratory thoracotomy,768-48-0079,53.38
54868-3801,Amery Clohissy,Conjunctivorhinos w tube,530-55-8522,15.79
43857-0284,Zena Jurkiewicz,Opn abdperneal resc rec,107-49-1675,50.50
59427-703,Park Stapleton,Removal vas ligature,579-90-0520,61.60
0703-4248,Jackelyn Muldowney,Prenatal training,825-72-0258,23.20
56153-003,Jackson Wilde,Contrast arteriogram NOS,121-26-6679,19.79
57664-368,Sheeree Penney,Lung operation NEC,311-03-0220,98.45
0536-3467,Madge Gerrish,Stapes mobilization,121-19-9089,55.47
67718-963,Beatrisa Chastney,"TRAM flap, free",436-03-2911,56.98
13811-050,Cesya Kleinsmuntz,Radioisot teleradiother,258-79-8589,57.72
47202-1402,Cesaro Gilbane,Portal contr phlebogram,854-33-4422,64.08
68428-071,Perceval Berkeley,Insert synth graft/prost,164-09-4563,68.14
65862-034,Jodi Devonshire,Rad neck dissection NOS,795-65-2132,7.56
51389-109,Ezra Ansty,Imp/repl peri stim lead,353-36-6333,84.62
53808-0375,Romain Collingdon,Micro exam-blood NEC,580-36-0775,77.23
53675-155,Lanette De la Zenne,Retinal tear repair NEC,343-21-1884,17.67
63323-353,Valle Worgen,Rem brain pulse generatr,593-49-3867,43.27
0904-5180,Rikki Stuckford,Replace ureterost tube,279-94-3449,54.29
54305-489,Leeland Gimenez,Mri of brain & brainstem,299-68-8801,89.17
68151-3120,Catherina Cake,Removal FB spinal canal,559-37-5623,94.13
51655-290,Elfie Euesden,Endometrial ablation,661-75-6895,62.89
47781-205,Danni Gritten,Upper arm reattachment,800-30-0476,69.40
0093-2026,Clarissa Jaggar,Puncture of spleen,652-24-4792,26.27
75847-1708,Cora Lay,Inser breast tissu expan,703-18-9363,96.35
62257-639,Ainslee Issit,Micro exam NEC,209-48-4310,44.91
37012-516,Ellwood Servante,Reduction anal prolapse,300-54-3643,80.95
54632-001,Uriel Iscowitz,Activ musculosk exer NEC,493-86-2624,2.40
57520-0444,Constantina Uttley,Destruct-hip lesion NEC,814-81-0102,25.22
49230-194,Jolene Carruth,Brain repair,155-14-2473,35.93
0173-0681,Claude Ellerman,Bone graft to patella,654-66-5080,20.20
64679-631,Merrile Huxster,Suture penile laceration,538-96-0161,7.77
0615-0676,Hetti Clinkard,Incision of aorta,621-75-1694,68.05
62032-121,Deonne Minthorpe,Hand tend pulley reconst,670-25-5142,83.46
15127-325,Giovanna O'Gaven,Ocular prosthetics,223-33-8410,53.24
24658-301,Roger Holligan,Arthrodesis NEC,834-63-1397,42.48
52125-696,Cymbre Pursglove,Facial bone reconstr NEC,631-63-8988,7.63
36987-3279,Aime Wrotchford,Incis salivary glnd/duct,549-47-1023,5.76
52257-1100,Devon Galero,Rad excis ext ear les,862-21-7905,36.38
54575-209,Freddi Lambswood,Adm inhal nitric oxide,481-11-3131,81.39
62802-104,Opalina Heigold,Refus oth cerv post/post,828-38-5333,5.97
0268-1116,Dick Sykora,Repair ob lac rect/anus,272-94-9696,91.02
49288-0161,Gilli Tomsett,Suture tendn sheath hand,437-45-5274,59.10
11822-0444,Kerry Pellissier,Cl reduc disloc-hand/fng,784-27-0420,27.84
55315-211,Doyle MacGall,Remov intralum pharyn FB,307-05-9457,35.59
60000-491,Allyce Pickwell,Periph ganglionect NEC,682-71-3579,84.10
67296-0537,Casar Paskins,Goniosynechiae lysis,147-01-8485,17.33
62032-525,Guy Scardifeild,Infus drotrecogin alfa,228-58-1291,53.75
65044-2294,Cheslie Bidder,Liver repair NEC,370-37-6221,15.15
49349-259,Uriah Di Maria,Contrast laryngogram,827-30-8833,20.51
52125-517,Sallie Spiaggia,Cell block/pap-lowr resp,434-85-4633,66.68
32909-764,Adaline Grewcock,Exc maj les lid ful-thic,795-71-3463,33.77
54416-004,Darwin Klimpke,Remove both testes,313-74-5786,7.16
61601-1176,Bevin O'Gormally,Thoracic spine x-ray NEC,353-85-4892,59.70
11084-064,Bertie Dei,Other tenodesis of hand,797-77-3542,45.16
0781-2201,Tracie Ainscough,Cardiotomy,629-66-4925,13.49
24385-305,Ellyn Manlow,Incis rectal stricture,449-51-4672,18.19
58411-105,Stevana Ploughwright,Correct ureteropelv junc,716-16-1617,49.00
47682-237,Arlana Romke,Simpl suture fallop tube,449-56-3575,89.87
55154-2022,Kaile Bricham,Thorac esophag anast NEC,110-66-0837,88.25
50436-9103,Mischa Sleaford,Auto bone mt w/o purg,464-25-6360,98.77
0536-3405,Courtney Stanger,Fit arm prosthesis NOS,218-31-4377,90.27
0409-5921,Grenville Ruecastle,"Mri pelvis,prostate,blad",673-60-3609,58.63
36987-1621,Erhart Elcy,Other glossotomy,760-04-6762,68.65
63323-377,Thedrick Mostyn,Post catarac frag/aspir,556-80-6010,61.98
53489-649,Debbi Soares,Open biopsy nasal sinus,116-14-5534,1.02
57520-0005,Jarret Moxsom,Intravenous pyelogram,227-40-0144,7.53
68382-156,El Chichgar,Opn abd diaphrm hern NEC,345-15-6970,40.57
0641-6118,Zilvia Skeemer,Tonsil&adenoid biopsy,460-64-2528,0.12
0781-6169,Violetta D'Alessandro,Tot exc pituit-transfron,369-88-8666,30.58
30142-700,Darla Laugier,Free skin graft NOS,138-65-9929,89.16
61919-371,My McKoy,Enterostomy NEC,872-48-2649,44.55
45802-717,Demott Phorsby,Percutan renal aspirat,132-89-1104,77.39
49999-789,Rosalinda Della,Visual evoked potential,248-24-1566,92.63
53329-664,Torrin Olohan,Lap biopsy of ovary,449-63-3511,25.47
63629-1339,Antonin Gettone,Loc exc les radius/ulna,634-01-8580,15.72
21130-390,Bonnibelle Blindermann,High gastric bypass,621-27-1436,32.13
42799-403,Elinore Simpkin,Catarac phacoemuls/aspir,547-84-3336,43.94
0085-4353,Shannan Esson,Opn reduc disloc-hand,669-57-5967,67.40
43269-632,Terri Liverseege,Parasitology NEC,881-77-9434,82.25
49726-032,Carlynne O'Gorman,Conduit rt vent-pul art,740-04-2354,51.23
63739-284,Nicolea Biskupski,Endotracheal bronchogram,745-81-3519,95.95
55289-214,Son Dolby,Hand tendon reattachment,100-61-9001,1.60
67046-333,Rollie Playhill,Destruct larynx les NEC,159-53-5512,86.45
48951-8078,Agustin Tudbald,Penile diagnost proc NEC,368-54-6312,73.15
63691-013,Almeria Philo,Other vaginal dilation,114-04-6558,17.18
34690-7001,Marlin Tampion,Inf liquid brachy isotop,584-34-4492,63.78
52773-242,Ferdy Butts,Oth exc/dest intvrt disc,393-19-0364,76.10
76025-100,Melisande Marciek,Peritoneal suture,810-86-0966,3.63
58668-2281,Becca Giraudou,Eye enuc w implant NEC,612-51-5248,51.82
21695-005,Camila George,Remov intralum pharyn FB,315-61-3277,28.54
53807-531,Ahmad Jaeggi,Magnet remov ant seg FB,547-28-0212,65.53
30142-009,Jeannette Christopher,Anal sphincterotomy NEC,180-33-0402,44.55
0904-1055,Gard Buttler,Lysis cortical adhesion,837-52-9392,59.89
0832-0230,Roley Oseman,Pharyngeal dilation,291-65-3200,29.15
68391-141,Shanie Bastard,Venous puncture NEC,120-80-8933,85.97
65912-436,Allayne Raspison,Carporadial fusion,737-33-3906,20.86
43269-848,Angus Gregh,Cell blk/pap-integument,734-37-9462,87.82
54569-0392,Israel Billows,Extraperitoneal c-sect,711-99-8857,68.61
68788-9490,Hedwiga Osborne,Replace nephrostomy tube,589-01-0284,35.32
11410-904,Olav Sellan,Iontophoresis,678-33-0081,39.98
0904-6174,Veronique Renwick,Cell blk/pap-op wound,352-42-3451,27.00
0179-1435,Prudence Kennagh,Subtotal mastectomy,260-06-2294,48.54
65923-132,Sella Millam,Rep scler staphyloma NEC,285-63-2722,44.50
54868-0016,Sheena Mongin,Crisis intervention,672-45-0637,44.97
57955-5205,Wiley Ackerley,Suture entropion repair,751-02-0184,4.56
52686-261,Selle Broxholme,Scleral operation NEC,380-69-7231,68.46
33261-087,Cointon Andover,Inject tendon of hand,617-35-7485,31.25
0591-1118,Jamison Nussii,Replace ureteral stimul,742-65-6324,34.01
0121-0727,Yorgo Sainter,Tot ostectomy-femur,232-94-9020,60.80
16571-101,Guthrey Bridgstock,Excise patella for graft,490-24-4073,9.78
49288-0471,Vachel Geockle,Bile duct incision NEC,425-60-3851,79.92
53113-263,Rodolphe McAline,Finger injury op NOS,503-99-8447,3.43
62541-303,Leodora Pilcher,Larynx cyst marsupializ,263-34-1061,14.43
55319-678,April Shwalbe,Implant CCM pulse genrtr,688-97-9117,31.70
36800-843,Britney Laurenty,Adrenal incision,617-05-0046,44.19
61722-184,Rosalie Jammes,Cerebral scan,123-53-2926,26.30
17089-242,Teodoro Labrenz,Enlarge existing sep def,702-53-2339,85.10
62382-0308,Igor Callway,Excis tonsil/adenoid les,330-35-7436,24.93
0085-0962,Quinta Sherer,Proctoclysis,574-79-6045,4.73
55714-2278,Nannie Kummerlowe,App ext fix dev-ring sys,859-36-6970,48.79
63187-074,Glenden Dumphry,Endarterectomy NOS,299-04-0507,20.47
35356-092,Dannie Dunston,Augmentation rhinoplasty,350-28-5241,23.39
52731-7019,Christiana Newdick,Open rectal biopsy,213-32-5053,95.72
55138-005,Maurie McKelvie,Arth/pros rem wo rep-hip,364-97-7374,33.42
64679-740,Gale Thorneloe,Sphinct of oddi measure,727-74-0212,37.97
52371-100,Talia McEniry,Bact smear-upper urinary,502-47-5136,30.12
54868-3698,Bobbi Hessay,Tuberculosis vaccination,707-38-7230,86.52
0409-2306,Town Collingwood,Bact smear-upper urinary,190-71-4975,48.24
41520-979,Hannie Clausen,Ureteral anastomosis NEC,826-58-1984,21.44
65862-038,Alastair Glenny,Excision intervert disc,874-55-7605,91.41
59779-055,Randall Raselles,Int inser lead in atrium,437-86-6782,21.10
66184-528,Malchy Murfett,Arthroplas metacarp wit,818-20-5401,77.71
56062-478,Rivkah Kilroy,Repair of hammer toe,491-43-8430,60.11
50580-506,Devora Legen,Thorac total exc thymus,632-17-3452,32.91
43742-0018,Jerrylee Olver,Rep anuls fibros NEC/NOS,177-43-9670,42.87
50458-192,Maurise Harbach,"Endo emb hd/nk,bare coil",238-41-6238,69.88
0043-0461,Melesa Jowling,Auto bone mt w/o purg,325-43-3673,33.67
61919-533,Faunie Andreix,Perianal biopsy,584-16-4261,8.60
54092-063,Harris Clemenzi,Perianal biopsy,662-28-2689,53.11
35356-011,Rozina Tomkins,Insert valve in vas def,246-95-1842,83.63
68382-398,Harwell Basill,Lap rev gast restri proc,238-73-8934,4.43
49348-753,Arv Jagger,Laparoscopic cecectomy,615-65-9971,92.73
0179-1838,Edithe Ainsbury,Bact smear-female genit,692-74-9674,65.17
49781-046,Robby Colqueran,Inject anticoagulant,416-40-3147,43.04
57520-0261,Gerda Niaves,Lap adhesiolys ova/tube,736-92-9996,79.51
55390-565,Aubert Howson,Thoracospc pneumonectomy,223-75-9401,6.22
0206-2416,Nicolai Yate,Apicoectomy,891-55-1700,44.00
45014-150,Margarete Dougher,Prosthetic evaluation,622-15-3501,70.17
47219-251,Bentley McKee,Clos red-int fix humerus,445-02-6256,5.79
55154-5730,Katharine Mithan,Excision tunica les NEC,108-84-6278,43.06
0185-0064,Myrtia Dowbakin,Suture of tracheal lacer,556-19-7970,3.13
55316-535,Ann-marie Tales,Limited eye examination,510-54-6733,34.05
57237-035,Alison Hambidge,Symbleph rep w free grft,817-62-1392,28.41
11489-066,Bertrand Willcott,Ethmoidectomy,716-33-9769,42.84
0071-1020,Dorolisa Simonnot,Vaginal obliteration,104-94-6871,89.40
49643-382,Stanislaw Jatczak,Opn hern ant abd-grf NEC,831-55-8987,27.47
0517-2650,Keen Shakesbye,Incis vulva/perineum NEC,601-13-2256,95.08
54868-4750,Filmer Folling,Remov ureteral drain,268-22-5207,98.94
53663-0001,Annalee Barefoot,Stern interposition NEC,627-14-8119,58.63
68788-9546,Hally Maxwaile,Nasal lesion excis NOS,878-27-8989,31.71
68180-202,Sheelagh Stork,Oral cavity dx proc NEC,431-05-7126,5.48
43538-171,Vinny MacPaik,Oth dx proced-patella,342-13-9047,46.11
60429-766,Brenn Inwood,IV infusion clofarabine,593-65-2257,4.55
36987-2911,Lebbie Brumham,Subtotal mastectomy,755-77-3478,27.75
0113-0994,Quill Silson,Alveoloplasty,577-22-8553,19.71
37000-272,Waverly Youd,Cervical les cryotherapy,818-06-5974,56.14
31190-500,Darbee Dewsnap,Lap periton adhesiolysis,617-04-5769,47.11
49349-842,Harp Romei,Ovarian cyst marsupializ,225-27-5389,32.88
58411-219,Brucie Benley,Partial glossectomy,408-89-4497,22.91
49781-100,Kristien Cohn,Isolation,883-80-5470,12.94
0065-0660,Felipe Reap,Duodenal incision,878-30-9844,53.58
57660-001,Bastien Seely,Fit up arm/should prosth,194-27-7551,10.81
55714-4532,Keriann Robrow,Patellar wedge osteotomy,102-75-9754,35.88
0440-1771,Edeline Fortescue,Contrast arteriogram NOS,150-25-1730,81.74
51645-601,Valene Ellings,Mix venous bld gas meas,518-64-3357,92.22
0536-1023,Marna Connealy,Control prostate hemorr,334-35-7416,36.67
61715-069,Susan Spadoni,Lower lid rhytidectomy,134-35-9267,78.50
57520-0484,Diane-marie Bisseker,Autopsy,399-32-7086,37.92
16781-376,Celene Ocheltree,Rev jt repl upper extrem,499-39-5126,81.95
42291-750,Wright Sexti,Tendon excision for grft,438-30-1902,21.09
43353-367,Myer Cicco,Suture of vein,545-80-9150,86.86
60846-804,Wadsworth Swafield,Radioisot teleradiother,680-93-1781,25.38
60505-2664,Weider Carlill,Excision eye lesion NOS,730-86-6198,88.72
65585-509,Korrie Devoy,Hemorrhoid ligation,201-86-5273,49.33
55910-190,Lonna Ickowicz,Adrenal lesion excision,583-75-2896,9.73
36987-3157,Oriana Benini,Rt & lt heart angiocard,407-54-2015,19.76
61481-0020,Alyssa Volleth,Endomet synechiae divis,385-91-6167,9.04
36987-2555,Eleanor Tawton,Opn rt hemicolectomy NEC,534-43-8137,77.61
76237-145,Gracia Spurgin,Liver repair NEC,264-02-0748,4.64
55154-6971,Errol Howe,Bact smear-lower urinary,269-29-8374,78.34
42291-377,Carrissa Lyne,Gastrostomy closure,681-16-8345,75.59
0173-0739,Gothart Juarez,Breast implant revision,525-77-2011,93.81
67457-423,Allegra Haymes,Cervical spine x-ray NEC,537-70-0673,44.39
43742-0001,Samara Casella,Aspiration of testes,851-97-8519,14.76
37205-733,Tudor Olyfant,Nasal sinus repair NEC,169-79-3044,83.13
76439-343,Rudolfo Kilfedder,Scarification of pleura,519-76-9304,5.95
59854-299,Berti Dinsale,Remove dental prosthesis,127-58-5811,88.38
48951-8021,Eulalie Ilyin,Toxicology-lymph system,125-84-6538,9.66
65862-207,Barbette Aucott,Rectal resection NEC,684-26-3292,58.00
54340-179,Kally Waller-Bridge,Vacuum ext del w episiot,458-49-6081,27.74
50458-550,Tabbi Auletta,Close appendiceal fistul,744-05-4341,52.68
68001-242,Waldo Goldes,Breast tissu destruc NOS,606-04-4173,97.44
41250-763,Reider Walsham,Repair ob lac rect/anus,286-17-2280,74.87
58118-0125,Blinny McWilliams,Pnemothorax-lung collaps,433-97-4841,55.81
66116-407,Doro Angrick,Limb shorten proc NEC,502-58-0351,38.59
61543-1545,Emmit Huddleston,Contrast dacryocystogram,656-10-1894,1.40
0074-3459,Vincenz Blasius,Unilat adrenal explorat,650-62-2415,64.40
0574-0120,Trstram Cuttelar,Inc soft tissue hand NEC,196-46-1089,80.44
66184-405,Edie Riceards,Other destruc bronc les,885-08-6423,91.64
36987-2610,August Lankester,Drsl/dslmb fus post/post,392-43-8707,93.04
49781-063,Nickola Lowres,Revision of lead,510-29-2934,70.62
49288-0072,Javier Syce,Midtarsal fusion,655-50-6660,93.23
49973-301,Devin Clewarth,Incis lymphatic structur,158-39-9422,70.72
55714-2305,Deck Adshad,Nasal fistula closure,463-29-2298,69.19
67510-0667,Thorvald Norvill,Punctum repair NEC,435-87-6814,31.94
51655-000,Jodie Bartlomiej,Suture of saliv glnd lac,224-06-7546,29.77
52685-191,Hesther Bickerstaffe,Brain lobectomy,629-07-5841,1.10
36987-2595,Silvanus McNeil,Excision of hip NEC,728-81-2345,55.38
0135-0531,Teresina Janes,Insert antimicrobial env,855-09-9880,87.08
47781-204,Charlotta Jerosch,2 int mam-cor art bypass,665-39-4728,62.91
52959-130,Roxanne Garner,Oth sleep dis funct test,368-63-6306,41.29
0121-0678,Deedee Tinn,Bone marrow trnsplnt NOS,735-35-6902,70.03
0228-3503,Baillie Frear,Spermatocele aspiration,147-97-3359,88.71
49999-068,Marie-ann Ogley,Oxygen enrichment NEC,771-36-4778,61.83
65862-073,Ronica Strick,Cystoscopy thru stoma,128-04-9369,81.58
0430-0210,Allis Golsworthy,Destruc bartholin gland,786-20-4004,3.73
41520-478,Nefen Bassingham,Insert 1 vascular stent,337-27-8177,60.44
24385-159,Huntlee Janouch,Decompression chamber,356-72-0515,77.23
53808-0738,Terrance Roback,Periph ganglionect NEC,513-23-6634,90.48
62856-750,Rivkah MacCaffrey,Psychia commitment eval,158-85-7909,59.93
0143-9923,Rayner Jakab,Excis perianal skin tag,875-45-3607,97.42
21695-174,Gilda Caldaro,Body measurement,583-38-0228,23.81
67877-224,Else Blenkinsop,Division of penile adhes,246-88-4413,99.69
16252-508,Mommy Bennington,Imp/rep mchan cochl pros,466-56-2504,45.07
60429-288,Jae Roadknight,Graft repair ventric def,498-31-6636,31.13
59614-311,Vinita Caudray,Radical orbitomaxillect,228-94-5571,32.33
61957-1113,Nadya Ianitti,Hemorrhoid cryotherapy,581-31-9552,64.31
57237-081,Amii Jerams,Comb heart/lung transpla,362-77-6026,27.18
55154-5663,Evey Ruspine,Oth dx proc-metatar/tar,533-59-2956,67.29
68770-102,Boigie Quaife,Ins d-e stent oth periph,792-26-1416,46.10
24909-165,Dorolisa Simmers,Arterioven fistula rep,103-46-4618,72.18
16714-024,Marve Van,Skel xray-ankle & foot,723-65-0016,17.75
52682-023,Junette Davidoff,Facilit intraoc circ NEC,533-77-6136,90.52
55910-014,Ivett Antoons,Anterior chamber op NEC,393-80-0098,84.84
42549-532,Meier Blease,Opn bx larynx or trachea,322-42-4762,83.98
64760-006,Thelma Lighterness,Soft tissue inject NEC,455-27-9091,50.41
35356-723,Nathanil Stansfield,Remov imp dev-tib/fibula,717-17-2128,87.01
61703-323,Jolynn Gauntley,Total exc pituitary NOS,268-74-8124,52.95
47593-392,Octavia Shapcott,Incis to remov tonsil FB,771-98-5223,21.84
76019-100,Dael Reggiani,Detach retina laser coag,279-11-9384,35.39
63868-200,Glori Byrd,Open reduc-metac/car fx,204-14-2248,16.00
12753-930,Sanderson Germann,Heart transplantation,644-96-2335,84.43
68391-121,Dickie Ilem,Wound catheter irrigat,536-47-6045,11.25
41163-194,Elliott Ales0,Lg bowel stoma closure,127-66-4778,97.19
50436-3593,Tobias Collier,Regional lymph node exc,139-54-8997,60.10
36987-2656,Gaby Daniell,Sut gastric ulcer site,747-93-2532,16.79
59970-077,Ginger Simo,Tot osteoplasty maxilla,850-53-3497,3.85
36987-1650,Quintin Stairmand,Cervical cyst marsupial,852-10-8461,71.01
48951-3086,Deena Joselson,Upper lid rhytidectomy,410-15-6220,83.05
43749-320,Lisle Cicco,Onychoplasty,756-88-5518,65.41
10356-571,Kendall Brownbill,Marrow diagnost proc NEC,824-66-6871,44.33
43269-802,Zelig O'Kielt,Repair ob lac corp uteri,457-28-6929,39.66
10006-010,Kenny McNerlin,Arthroscopy NOS,157-79-5388,15.05
21695-486,Bear Desforges,Rad dissec periaort node,627-35-3024,69.12
49349-516,Cristal Breedy,Mediastinoscopy,327-71-2279,18.41
48951-9014,Caralie Millions,Endo pulm arwy flow msmt,370-67-5756,50.82
63824-041,Roobbie Brolly,Excise ciliary body les,807-91-8274,74.41
62670-4405,Shirley Langmuir,Trephin sclera w iridect,268-15-6051,11.39
50436-1074,Clarine Brunstan,Nephropexy,479-82-7495,67.68
52125-620,Erda Orum,Micro exam-bili/panc NEC,181-31-4983,64.90
64616-103,Pris Stanett,Arth/pros rem wo rep-hnd,209-09-8883,96.00
65162-414,Domenic Bennedsen,Sphenoidectomy,489-91-9226,25.01
41167-0574,Phedra Rymer,Oth part cholecystectomy,356-64-7522,13.00
64117-141,Hurley Brian,Stern esophagoenter NEC,555-42-2722,93.71
0781-5044,Cindi Fairlam,Ven cath renal dialysis,841-89-7435,72.68
68479-600,Glennis Loosley,Int fixation-chest cage,818-40-5604,32.97
49348-158,Callean Ovanesian,Septoplasty NEC,305-81-2445,3.57
37000-714,Madelyn Sygrove,Pituitary gland incision,498-59-8253,0.66
68745-2026,Wells Crannage,Abd region dx proc NEC,775-08-5657,26.85
0228-2539,Dunstan Helliar,Cranial osteoplasty NEC,714-89-5626,91.15
50181-0004,Calley Rigney,Cell blk/pap-spleen/marr,615-49-0675,21.97
47781-229,Corby Letchford,Upper limb endarterectom,369-66-3417,74.05
66096-684,Franklin Luttger,Remov cystostomy tube,574-50-1780,57.01
69129-010,Harlan Laurens,Oth dx proced-humerus,855-44-3085,61.44
68747-6028,Dianne Dubois,Injection into tendon,623-69-5209,89.56
0054-3117,Wyatan Helsdon,Int or repl perm pacemkr,239-42-9423,60.66
0078-0561,Cal Heasley,Blood vessel biopsy,238-99-1496,24.55
54868-4778,Agnese Caizley,Oth plastic repair palat,859-98-1737,32.85
58411-191,Blair Ferroni,Other bronchoscopy,854-05-1948,27.05
41167-0935,Merola Terbruggen,Part ostect-metatar/tar,670-24-3704,42.09
0548-3013,Tracie Fleay,Total dacryoadenectomy,114-64-3455,41.60
54868-6154,Corenda Kershow,Partial shoulder replace,136-79-1970,71.50
65044-1782,Niall O'Scully,Destruc lg bowel les NEC,722-93-1784,45.38
59779-970,Leroi Gilli,Oth excise duodenum les,768-81-5550,15.36
0093-0027,Grannie McKeon,Partial mandibulectomy,838-33-2427,4.73
11489-057,Roda Kinahan,Close gastric fistul NEC,428-36-3977,98.37
31357-040,Catherin Cobbald,Suture kidney laceration,165-21-6992,85.12
48951-8001,Meade Gotthard,Hand tenonectomy NEC,309-20-9033,42.26
68180-779,Daryl Gonsalvez,Nonexc destr cil bod les,268-78-7968,62.94
11084-535,Bar Sangster,Endosc inser stent bile,386-27-0472,66.39
0009-5181,Adriane Vannar,Ovarian dx procedure NEC,216-55-6843,95.23
14505-398,Kayla Hrynczyk,Intraoper cholangiogram,794-50-7755,40.04
16590-010,Mortimer Bitterton,C & s-female genital,401-17-1697,93.09
52544-046,Christian Cosin,Lid reconst-ful thic NEC,503-19-0734,99.21
62670-4832,Adela Bagshawe,Cisternal puncture,307-33-0671,93.71
23155-125,Humberto MacGettigen,Episiotomy,875-55-0472,34.32
0409-3508,Carney McGaraghan,Refus lmb/lmbsc ant/post,851-03-0895,50.59
65841-029,Keriann Bardell,Opn/oth rep tcspd vlv-ts,832-65-5903,75.33
49999-857,Earle Zorro,Remove imp dev-metat/tar,889-46-0182,24.59
0268-1396,Clareta Jakov,Extended ophthal work-up,868-26-6964,30.45
37205-402,Jarvis Cater,C & s-eye,752-52-5889,84.40
42346-500,Alard Boshier,Bursectomy,594-66-9588,91.40
0591-3213,Jessy Gerssam,Endo rem obs hd/neck ves,571-42-7677,26.72
0440-1282,Garrick Catcheside,Eyebal/orbit dx proc NEC,107-68-5942,74.87
42507-402,Iolanthe Yendle,Radius/ulna division NEC,462-56-2097,13.91
16252-507,Clyde Banishevitz,Clinical hearing test,821-08-5480,82.89
75854-305,Lucina Syratt,Incision of testes,325-01-0585,88.18
36987-1767,Talbot Korneev,Omt to move tissue fluid,137-63-4656,94.21
35356-827,Corinne Abbess,Destruct ext ear les NEC,714-71-8502,27.26
40076-319,Mildred Robjents,Dilation anal sphincter,112-17-2445,9.02
54868-5281,Clem Berthelmot,Ptosis rep-fron mus slng,663-17-3579,75.10
59779-900,Butch Worwood,Pressure trouser applica,506-32-6221,39.66
67253-200,Jordanna Brennans,Aorta-renal bypass,780-76-2753,84.30
0703-4100,Tami Have,"TRAM flap, pedicled",455-19-5105,71.87
55714-2274,Franz New,Iontophoresis,748-75-5707,9.78
14783-252,Cord Wildish,GI ostomy irrigation,473-08-5083,70.01
52125-172,Berrie Brim,Excis metacar/car-graft,358-96-6420,70.86
60232-2286,Novelia Kneeshaw,Insert/replace EVD,538-08-6449,16.90
55154-5420,Bobby Waplington,C & s-spleen/marrow,174-22-8296,90.76
45963-461,Virginia Roke,Exc branchial cleft cyst,440-30-7646,13.40
60505-0578,Marcelia Ramalho,Other glossotomy,857-65-9137,55.94
13537-533,Gery Skeggs,Lap reimplant of ovary,564-65-0008,55.63
23155-017,Oren Monier,Opn pull-thru res rectum,638-87-2983,37.77
53346-1318,Hayley Dri,Perc abltn liver les/tis,169-20-8603,19.75
0555-0033,Torre Sperrett,Ureteroscopy,444-37-7328,52.33
64809-104,Dagmar Mcwhinney,Bone graft to face bone,120-12-7690,37.08
64942-1157,Lorri Josef,Open adrenal gland bx,662-75-4372,53.49
49288-0776,Janean Klimuk,Lid lacer rx-prt th NEC,806-02-1195,3.81
55154-6980,Roxie Goodsall,Suprapubic sling op,720-09-4707,94.48
49643-347,Any Byars,Ext ear diagnos proc NEC,492-89-6672,21.94
57520-0002,Gerald Glenwright,Transureth prostatectomy,884-10-8133,99.66
0615-7638,Natividad Schruyers,Instrument delivery NOS,104-30-7941,78.99
39822-1000,Latia Jillins,Incision pilonidal sinus,890-80-5531,55.99
0924-5603,Cyndie McGrowther,Penile repair NEC,541-29-8590,95.55
0555-0787,Reilly Roper,Abdominal wall biopsy,316-19-0994,33.41
51346-236,Piotr Brissenden,Suture of gum laceration,476-81-1945,63.95
47593-190,Alikee Learoyd,Refus lmb/lmbsc ant/post,718-27-1828,29.94
68472-075,Morna Grocutt,Adrenal vessel ligation,274-70-5512,34.15
22700-140,Anatole Rosario,Repair of thymus,447-36-4368,7.94
10819-3915,Marget Amberg,Foot & toe arthroscopy,120-59-5492,36.02
55670-478,Loreen Ravenscraft,Endosc destruc anus les,112-75-6373,91.96
11822-5458,Orlando Castaner,Ureteral operation NEC,609-38-7822,71.72
53808-0366,Frances Castel,Temporary tracheostomy,349-39-7570,16.08
61941-0071,Denny Schulke,Facilit intraoc circ NEC,182-56-0793,33.36
0409-1038,Jayne Chupin,Partial hepatectomy,402-33-5281,45.93
13537-351,Wendel Paley,Per cardiopulmon bypass,254-35-6960,92.76
0219-4103,Juan Morsom,Remov intralum trach FB,829-14-2423,18.15
0006-0032,Brianna Hawyes,Other diaphragm repair,647-08-0505,12.85
98132-300,Aubrie Farnes,Remove impl dev-humerus,406-10-8952,81.39
68084-354,Jeane Pollack,Los excis prostatic les,275-58-5046,92.99
61310-101,Javier Syphus,Trans bal dil pros ureth,243-93-6498,15.99
41190-434,Kaylee Litzmann,Insert bone stimul NOS,424-34-8327,19.72
63323-196,Phillie Beals,Orthodon applianc applic,572-27-7755,95.15
64735-041,Cilka Caruth,Incision of testes,341-48-6233,63.44
67544-887,Allin Espadater,Proximal pancreatectomy,689-79-4488,43.28
34690-8001,Norry Croft,Conjunctiva incision NEC,554-23-8416,21.90
17156-210,Elberta Gillies,Oth plastic repair palat,212-58-7171,54.83
49999-610,Bell Davidovics,Partial mandibulectomy,393-46-1199,4.24
52125-635,Yule Adelberg,Knee joint biopsy,131-66-8491,44.64
61767-222,Vick Gooley,Perf keratopl w autogrft,154-99-7266,30.05
68016-018,Trudie Faucett,Urinary system x-ray NEC,757-08-8364,69.02
53113-557,Cathlene Gray,Repair of cleft lip,774-10-2711,88.58
54868-2841,Tommie Ridoutt,Excision hand muscle les,504-07-4096,72.03
36800-427,Jacky Eisig,SuperSat O2 therapy,852-55-2474,97.94
55910-294,Angelico Braznell,Open reduc-elbow disloc,450-54-7813,76.20
52125-982,Lory O'Loughane,Iris operation NEC,178-81-3667,82.54
51672-2018,Jimmie Bensusan,Thumb reconstruction NEC,643-44-7173,98.90
53808-0722,Worthington Wark,Excis deep cervical node,333-05-3855,2.16
22100-006,Valenka China,Open reduc-metac/car fx,582-79-1853,32.23
36800-901,Sargent Daton,Anal operation NEC,161-58-0991,12.48
0064-0300,Bettina Cornils,Open reduct mandible fx,892-96-2658,9.52
66993-049,Adolph Edgerley,Manual exam of breast,634-27-0499,88.64
55154-4793,Nicolis Oiseau,Lip biopsy,715-63-4880,7.22
0469-0125,Elinore Chattoe,Extracorpor hepat Assis,572-87-8679,31.17
0904-5832,Tamar McKie,Culture-female genital,110-87-4316,23.83
59746-308,Shirlene Stokey,Remov intralum trach FB,774-84-6713,57.06
76237-118,Dolores Scatcher,Insert esoph obtu airway,799-15-4869,66.23
0093-8238,Garik Durbin,Opn tricus valvuloplasty,829-77-1317,44.48
50988-214,Ferne Astbery,Surg induct labor NEC,854-67-2115,63.07
76461-022,Ariella Vella,Patellar division NEC,239-75-9819,72.71
33261-106,Earl Jeaycock,Culture-lower resp,316-67-2704,40.54
16590-897,Iggy Flippini,Ather oth non-cor vessel,590-69-1719,6.17
64126-1234,Steffane Maybery,Abdominal wall incision,723-88-2796,55.12
53489-386,Carry Lerwill,Remove skull tongs,712-84-3554,33.78
55289-023,Javier Pfaff,Rev pedcl dyn stabil dev,681-27-0802,97.24
42254-307,Edie Grigolashvill,Limb lengthen proc NOS,680-78-0024,65.42
22700-141,Clement Tommen,Transplant of intestine,147-26-6664,44.06
64762-861,Allegra Machin,Other tenodesis of hand,850-76-3062,69.13
59667-0094,Karel Beetham,Revis ureteroenterostomy,793-06-1025,1.37
0942-9206,Linus Dimbylow,Bone graft to chest cage,638-42-2736,70.96
63323-377,Chrystel Crackel,Skin & subq op NEC,639-82-2361,23.81
37205-753,Sanson Markovich,Injection into prostate,807-46-4622,55.22
11118-1102,Cheston Ledgard,Interview & evaluat NEC,163-62-6880,92.98
11673-224,Daron Obington,Replace vag diaphragm,135-26-0519,34.61
10189-001,Tammie Velden,Open fx reduction NEC,242-86-9975,36.11
0378-1657,Kippy Leaves,Heart vessel op NEC,289-71-1538,20.39
61715-071,Graig Beardow,Anal sphincterotomy NEC,622-60-5944,37.34
64009-510,Barbara Jammet,Excise skull lesion,727-02-5026,93.24
68180-130,Elna Fullun,Hair transplant,394-92-1246,78.30
76420-775,Alvie Honig,Revise disc prost cerv,174-86-3104,87.09
59762-0046,Orelia Bowbrick,Oth intraop mag res imag,572-33-9797,38.45
76105-479,Charlean Gilman,Implnt/fit pros limb NOS,319-48-3369,85.55
50051-0010,Arlette Lambswood,Electron teleradiotherap,587-96-2720,97.61
55714-4543,Constantia Schoolfield,Percutan vertebroplasty,341-31-3057,10.69
64720-238,Torrance Conibeer,Laryngostomy revision,712-15-6427,61.13
35000-870,Kimbell Knevit,Male sterilization NOS,822-47-5965,35.20
0517-4201,Lenee Kingswold,Tympanosympathectomy,531-24-7925,93.84
11410-839,Bryant Geddis,Sutur capsul/ligamen arm,152-85-3249,93.89
0093-4030,Opal Start,Urethroscopy NEC,792-04-1667,78.35
57237-077,Feliks Obal,Fit leg prosthesis NOS,335-46-7914,37.46
62856-245,Buiron Sargerson,Partial shoulder replace,436-52-6225,47.22
60760-078,Cecilla Bartolomeazzi,"Endo em hd/nk,bioac coil",536-58-6224,27.20
64942-1143,Johna Bagley,Shoulder arthroscopy,338-19-8155,60.83
0268-1347,Bobbe Burchell,Oth bone repa/plast NEC,363-87-4901,86.99
68645-140,Freddy Wigin,Unilat adrenal explorat,373-11-2328,52.26
0093-7267,Oralie McLellan,Incise/remov conjunct FB,682-45-0084,68.96
68180-882,Phil Avrashin,Perc abltn lung les/tiss,458-60-0180,86.82
59898-180,Erminia Wandrich,Radial keratotomy,637-23-6934,38.36
30142-069,Katrinka Davley,Excis knee semilun cartl,225-73-8944,5.30
59779-459,Farlie Kyd,Perc ins extracran stent,568-83-3990,64.95
0527-1398,Alfy Adderley,Perianal biopsy,115-80-0418,20.08
36987-2205,Eba Blunderfield,Hand & finger arthroscop,614-84-8025,4.32
41167-0964,Jeffy Erdis,Open red-sep epiphy NEC,620-16-5902,12.39
55315-251,Ruddy Dornin,Pack ext auditory canal,689-11-7956,53.68
33261-342,Emilio Thirsk,Cell block/pap-blood,597-52-7745,84.48
42192-135,Shari MacFadzan,Closed biopsy of tongue,472-85-7546,38.11
13733-050,Karl Etoile,Dysphasia training,164-47-5878,39.96
10631-091,Geralda Creber,Applic ext fix-humerus,316-30-5932,78.93
51079-562,Piper Killgus,Testes dx procedure NEC,196-74-9010,27.95
35000-703,Aldin Hackworthy,Manual reduc rect prolap,464-21-5742,49.61
50419-171,Netty Vasiliu,Facial bone repair NEC,768-36-1971,50.70
60505-3780,Ike Baal,Repair of tongue NEC,248-67-5755,57.46
0299-2012,Andie Badsworth,Remov urethral stent,162-73-1551,1.60
21695-457,Stirling Cleveley,Loc exc les metacar/car,432-48-5499,96.16
51346-103,Morton Howells,Thyr/parathy dx proc NEC,165-39-4303,80.66
58411-166,Maia O'Hoolahan,Remov trunk suture NEC,613-27-0198,57.84
35356-949,Claudell Januszewicz,Periren/uret dx proc NEC,677-38-3120,39.06
57520-0517,Darlleen Durkin,After-catar discission,272-47-9511,17.61
0363-0923,Josiah Young,Heart/pericard repr NEC,366-05-0375,74.01
52810-213,Kinsley Acedo,Hand tenonectomy NEC,688-42-0808,18.55
57520-0204,Concordia Senecaut,Dx proc fetus/amnion NEC,158-26-9020,26.44
55154-5985,Dora Kelberer,Replace ureteral stimul,330-95-0469,49.42
67857-705,Paulita Lashbrook,Coronar arteriogr-1 cath,503-38-0189,77.97
0378-1001,Merrilee Yacob,Intravas msmt periph art,242-86-6962,94.83
67938-1088,Standford de Wilde,Arm vessel resect/anast,741-51-9513,69.51
0472-0403,Faydra Loweth,Contrast arteriogram NEC,575-82-4493,24.41
65862-101,Algernon Blencoe,Intest stoma revis NOS,663-35-8870,81.79
54868-4499,Clementina Gynni,Platelet transfusion,405-61-5260,80.97
68788-9156,Leslie Sheather,Urethral repair NEC,563-04-5542,76.81
51386-736,Brandea Botcherby,Pulsation balloon implan,866-02-8843,42.73
49738-205,Mace Ell,Complete glossectomy,357-04-9893,21.36
51386-713,Tommie Goulbourne,Other sympathectomy,427-94-4560,34.39
36987-2272,Yettie Innerstone,Rt heart angiocardiogram,177-41-6703,54.58
47593-170,Anni Caskie,Testes dx procedure NEC,723-68-8536,63.91
54868-3757,Merci Kingswell,Transabdomin gastroscopy,569-10-6424,85.46
34645-3110,Lisle Drust,Parathyroid reimplant,233-62-9056,73.39
0781-5784,Johny Dene,Open red-sep epiphy NOS,226-96-8967,96.70
54997-186,Enrique Tallboy,Oral cavity dx proc NEC,133-44-1256,53.56
55111-146,Malachi Masden,Other neuroplasty,569-32-8094,67.96
57955-1850,Zachery Mahy,Intravascul imaging NEC,477-18-9457,96.14
10424-149,Jermayne O' Scallan,"TRAM flap, free",835-47-4100,84.55
48433-305,Sayres Endrici,Anoscopy,477-45-8570,96.28
