name,nit,admiName
RZA,712-67-5453,Maximilian Stannis
CAAS,881-89-9918,Lilli Janaszkiewicz
FEYE,513-40-3639,Gwenni Wrate
ZBH,203-28-3006,Eolanda Woodroffe
HEI.A,629-39-8441,Gerick Boncore
KALU,595-72-9036,Chicky Temlett
CUBE,171-89-6224,Sharron Thornhill
INPX,711-07-2905,Kristine Eddins
MDCO,636-93-7720,Grantham MacMoyer
DGLD,686-03-5080,Devonna Broster
FCNCA,684-34-6205,Herbie Stocky
BMLA,532-21-7447,Lacey Coombe
AMRN,144-54-4634,Carissa McNay
RLOG,447-13-9075,Andrey Whatsize
WRB^C,470-18-8494,Raquel Chillcot
FLT,733-07-7047,Randolph Haward
USPH,283-79-6532,Becky Savage
CEQP,722-43-7902,Eilis Barthelmes
TARO,712-17-3735,Otis Folcarelli
VET,544-86-9918,Joela Dulen
PVAC,731-92-0314,Robinet Petracchi
VBF,881-64-1871,Doreen Worsnup
FENG,131-30-6256,Bessie Inkle
YY,451-78-4682,Adey Cazalet
CLH,760-63-5750,Elfrieda Joddens
MLVF,618-95-3585,Bennie Francino
LJPC,569-95-6467,Robinia Speller
CBL,893-03-9702,Giavani Tugman
DFP,841-42-8144,Rogerio Hawkswood
VLT,877-87-1882,Bernadine McAlister
DS^D,349-57-7432,Engelbert Hubball
ESL,883-67-2749,Josefa Trump
CHA,705-78-8345,Brose Tebbut
FMBH,329-27-5234,Clementina Catterson
CSU,514-36-8720,Alyson De Carlo
LGCY,583-90-8340,Nolan Smerdon
HLG,760-47-4369,Kipp Lempertz
REN           ,331-58-6131,Foster Cardis
PEO,352-80-8899,Sherilyn Trewin
GLOG^A,103-64-3911,Jacquette Tettersell
WALA,793-34-9504,Russ Dyhouse
BOH,280-93-7506,Lance Charrette
SAR,793-68-7930,Cristen Conechie
TAIT,300-03-9548,Giuditta Derobert
LHO^I,535-57-4112,Eward Keepe
BAC^I,135-85-5817,Sigismund Nottingam
FEM,405-04-0146,Tabitha Walworth
AGRX,501-75-2219,Fabian Maulden
PLAY,569-61-4085,Ly Custy
CIVI,826-90-0387,Case Paiton
CHUBA,550-22-6711,Patty Laneham
KTP,392-43-5554,Noella Rivenzon
WFBI,153-96-3891,Bevvy Batten
BAS,189-84-8031,Ariadne Seven
RPAI^A,761-38-1974,Malynda Colman
CLNS^D,571-54-0732,Colleen Renison
LLL,381-41-1923,Thea Loweth
ADRD,171-96-3403,Eddy Connue
WFBI,738-36-0835,Antoni Philippson
FTS,276-75-3580,Sybila Trays
HONE,765-19-0093,Crysta Dowzell
ALL,222-67-2514,Bernie Carr
SSW^D,504-84-6098,Bartlett Exeter
VRSK,429-43-9894,Aloysius Camden
CART,665-74-6504,Joni Grass
VIRC,418-87-0062,Clemence Henken
PDLI,708-91-4125,Brodie Noakes
ALQA,824-44-2964,Harrie Scarbarrow
PHK,797-09-9541,Tanitansy Treece
AES^C.CL,550-09-6184,Suzette Sturdgess
CLH,674-79-6445,Irvine Kleinfeld
IAG,275-01-7100,Agnella Franses
TWTR,687-67-5379,Stacy Reddle
NVIV,540-85-2156,Sharon Northam
BGR,629-36-3733,Ginny Mathet
LXP^C,309-29-4903,Donavon Behning
EVR,241-04-9391,Lenna Hallstone
GNMK,431-24-3363,Cherilyn Birchwood
CZR,689-12-6130,Friedrich Evans
CCV,295-86-3524,Cissy Sliney
EVSTC,288-87-7399,Stefano Harsum
HBM.WS,323-87-5508,Robbi Godfroy
GLNG,259-85-2461,Frederik Polotti
ADOM,443-46-6854,Merna Seifert
WIN,446-48-9247,Marie-jeanne Dumpleton
ENR,882-17-0215,Trever Whiston
CBB,705-34-1027,Janessa Jahnke
TTEK,777-73-6413,Vanni Janic
GGP,122-70-9817,Taffy Treeby
HOVNP,571-83-9643,Cherise McWaters
SFBS,152-58-5741,Abigail Roughey
LILA,510-99-5259,Joelle Eastope
TKF,870-20-2510,Heinrik Kerridge
PSL,282-21-4921,Flo Gerardeaux
TEP,472-43-9635,Cletus Bastable
PID,501-15-6112,Danni Maundrell
TVIZ,225-28-7332,Asia Housen
ANH^A,567-34-8649,Kiersten Barber
CPAAW,389-09-6980,Corabella Capey
LTRX,301-38-6284,Deva Stickels
JMF,370-95-3678,Jephthah Schirak
MVCB,481-20-9075,Urbain Caso
WGL,799-56-2812,Olly Mingay
CBB,544-37-4271,Morgun Jentle
RESN,253-74-8840,Aeriela Dawber
SCQ,623-82-2254,Felice Broomhead
PAR,428-46-5495,Lilian Rump
HLX,256-28-1468,Shirline Moncey
PJT,811-62-8597,Pris Bunyan
GSL,635-85-1652,Merrick Halm
SR,255-05-0556,Marcella Scopyn
PME,461-18-6136,Consuela Milington
RGNX,646-73-9917,Doralynne Danne
PRTY,182-29-9184,Maryjane Stratz
PSA^C,586-56-4391,Cal Pottberry
THLD,751-60-3284,Eve Hembling
STLY,380-38-9164,Fran Beavon
SWN,589-30-7923,York Castlake
PFE,179-39-9333,Kimble Frossell
EGO,609-73-7940,Byrle Bromehead
AFAM,410-52-5116,Suzy Smalecombe
FSBW,687-95-3518,Lucia Tilberry
ATH,445-63-4613,Shirl Fouch
EWZS,535-88-7607,Shandeigh Markussen
MANU,801-25-9941,Dinnie Jimson
ORBK,506-59-0920,Billi Trumpeter
SCHL,168-51-5630,Gerek Rosenblad
VRA,547-66-6485,Easter Ridolfo
SEAC,401-97-6077,Jerad Millis
CHSP^A.CL,733-38-3105,Jacinda Deetlefs
FEO,224-36-5914,Currie Hallworth
NMIH,558-77-6398,Milo Cockshoot
DISH,352-12-8087,Sunny McDougald
CPAAW,238-69-5059,Naoma Laurenty
JHD,242-04-9285,Yehudi Chatwin
BSAC,607-78-7820,Mel Aasaf
KEYS,382-32-0988,Jacky Debell
FRC^D,352-12-5834,Elga Corke
JTPY,491-06-2099,Evangelina Standeven
AROW,478-65-8009,Roth Patchett
PUI,321-74-8430,Berny Jaggers
C^K,427-26-0594,Patrica Harome
CLNS^H,511-44-7032,Sanford Luca
ROSEW,628-38-2863,Hugibert MacGiolla Pheadair
EVTC,112-20-6201,Dorolice Barczewski
EXAC,423-51-0175,Cacilie Rosbottom
WSTG,228-88-6401,Saloma Pinckney
PSA,484-22-0927,Vanna Lilliman
CNCE,346-15-9062,Camila Brodley
NHTC,485-93-3766,Robinette Spinelli
PPH,575-04-2632,Gayel Witard
ZTR,108-68-4697,Fawnia Yakhin
MLI,833-04-8928,Cari Wheadon
CAKE,800-95-9228,Babs Pierrepont
BFAM,457-09-8572,Fanchette Medcalfe
APDNW,573-86-6509,Pauletta Murcott
SIFY,542-15-3217,Ulrich Vlasin
AEH,414-21-4278,Giuditta Coste
ABX,379-75-8707,Flora Brazur
ETO,459-72-1780,Seamus Clowsley
PE,849-41-9112,Margi Ferry
PTC,245-35-4410,Gino Shane
FBIZ,877-37-3997,Aldridge Charpin
NEE^C,825-34-4568,Sibley Daton
THO,558-20-7274,Averell Glozman
CDR,189-19-0546,Chickie Newlands
VOD,207-95-1248,Berk Gilhouley
SASR,114-15-2146,Granny Minister
JJSF,254-11-3149,Denney Abrahamson
HZNP,294-53-9769,Stafford Mewe
REVG,488-72-3224,Faythe Shard
DPS,442-82-4118,Case Littleton
CATB,843-68-5363,Maren Chancellor
LHO,587-67-6759,Remy McWaters
CECE,697-22-7538,Zora Kynsey
FPH,126-14-3826,Linn Sexstone
RPM,718-44-9537,Archer Darinton
BFS^C,314-28-5137,Valene Mallock
PCTY,627-82-2177,Leland Weatherburn
USLB,872-85-7360,Roseanne Tanman
CVX,261-88-8215,Roman Gomez
GHC,722-14-6660,Marinna McKeon
HOTR,588-63-4150,Kacy Perel
UVSP,488-81-4259,Hogan Cowthard
LLNW,519-64-6336,Dominic de'-Ancy Willis
TXN,854-18-3019,Sukey Husbands
SEDG,667-68-5354,Gideon Kinnock
CYBE,193-21-8820,Shawna Shackle
ISM,124-01-3640,Reuven Fishbourn
EDAP,380-19-3813,Jess Martygin
AXON          ,764-69-8121,Callie Spackman
NYLD.A,658-42-8934,Renae Brennan
HJV,846-60-7489,Alane Trippett
BAC^I,432-84-2492,Saraann Klainer
LRAD,332-10-0593,Bradly Pfaff
AGI,487-03-5665,Emerson Poat
WU,638-20-3477,Desdemona Evers
TRVG,447-32-8125,Paulie Elwin
INGR,652-04-4175,Staci Belliss
JAZZ,352-80-5188,Minny Krink
GBCI,680-40-8016,Ronni Iacovaccio
GYRO,686-87-4373,Delinda De Cristoforo
GRID,290-17-2757,Marna Lavall
KNX,863-75-4127,Lexy Wall
BPY,786-82-4908,Valentina Lindwall
FINL,123-02-2275,Ashien Garrood
GIL,774-25-2733,Valaree Fossey
ADMS,297-22-7872,Hoebart Seebert
HSC,424-35-9595,Augustina Henriet
ARRY,799-07-8771,Neila Jennions
BHACU,867-73-7654,Zora Rowly
JELD,747-64-3823,Fletch Zorro
FDTS,352-56-6073,Galvan Axcel
RCKY,521-23-9502,Cleve Creavan
IDSA,120-05-4906,Ninon Gibbins
BUI,188-81-9252,Cole Cicero
MIIIU,413-78-4079,Kacey Trembley
YPF,260-47-3401,Gordy Lumsden
CNQ,353-46-9910,Sabra Roller
PGRE,114-91-7421,Jenilee Glanton
TWMC,200-68-5218,Lou Tribbeck
OCUL,662-68-2194,Anett Bilbee
CPTAL,267-94-2746,Lin Andrzejak
GRVY,728-52-6413,Klara Staunton
DTV,359-74-2739,Ronna Seville
CYAN,713-73-8910,Ebba Lambswood
ICLN,745-09-8481,Woodie Taffe
FRC^C,766-01-0609,Pammie Waber
DIAX,568-55-3889,Barry Merrien
CXP,108-73-1418,Stevie Reichhardt
NESRW,860-61-2956,Raquel Gabbat
LEJU,754-46-9315,Corabelle Maunders
MET,320-61-4051,Cindy Boobyer
WBS^E,693-48-9044,Dannye Sparshett
CYOU,881-25-9468,Burch Giffaut
TMK^B,459-39-0397,Benedicta Gerault
XON,700-36-5082,Web Duchart
NDRO,561-31-7825,Katinka Toohey
MXE,290-50-5281,Rosamond Thurske
FDX,284-90-3393,Thain Costelloe
VST,805-38-2307,Astrid Holttom
SRV,311-42-1033,Armando Sandford
CMC,216-66-4882,Cleavland Glasscoo
CLWT,744-36-8543,Darrin Flegg
RDN,650-28-9525,Shurlocke Fergie
WR,620-09-4111,Dreddy Burnyeat
BAC^C,363-92-9156,Edeline Bartoszek
SMCP,620-61-4430,Freddie Gebhard
TECD,549-15-1137,Mortie Minor
LLNW,131-99-7593,Byran Dummett
SEE,219-14-2454,Claudio Barnson
CMA.WS,133-75-9059,Edy Ruzek
DEST,678-08-7232,Hedwig Dawidowitsch
CVNA,656-69-9565,Ben Blacklawe
GNMX,880-37-6559,Ganny Swetmore
BBD,655-01-2924,Collie Wragg
CPSH,284-59-6141,Bradford Vesque
EACQW,664-54-8186,Patin Goble
CBU,291-45-4864,Tobiah Vasilchenko
PFK,583-65-9528,Helli Sabberton
HTLF,388-02-1742,Reese Wynes
SONA,801-13-0814,Benjy Paszek
FCEF,897-77-4775,Clarette Dinjes
IVR,390-99-9617,Rozele Jordin
CEMI,480-75-0795,Ranique Jiracek
CVBF,633-45-5704,Irvin Hatchette
HSNI,415-98-6561,Rivalee Piscopo
BKS,886-56-3064,Jamie Macrae
VVV,156-86-6008,Wilhelmina Antao
AFAM,707-21-3471,Evvy Trask
HEI,724-94-0231,Calli Mepham
SJI,176-86-8546,Pete Beadnall
WINS,449-36-2400,Nealy Berney
CBOE,158-68-7384,Rich Mathy
RAVE,816-23-2669,Rosemary Mattholie
DM,735-72-0559,Dolli Biddlecombe
CRY,715-71-2905,Staffard Buntin
HTBK,151-26-8893,Silvie Rain
IBA,479-87-3526,Nathanil Marcos
FUND,342-33-1158,Lauretta Wolvey
MU,316-71-0411,Grayce Treby
LEXEB,522-81-4455,Sylvia Moisey
THS,224-82-2135,Josephina Clemmensen
ZG,295-09-9832,Maxy Youel
GRMN,363-71-2492,Alexina Sincock
BUFF,312-14-6246,Glynis Ellingford
GFN,202-38-3637,Myrtie Schade
DAKT,224-07-2096,Erma Senescall
SYKE,370-58-6765,Randolf Bedome
VZA,794-68-6836,Hadrian Metheringham
WTR,256-88-0837,Hugo Dawidowitsch
AMT,458-92-5603,Lizette Jeynes
CAL,433-61-4048,Rickie Whitley
BVN,607-13-4277,Carolina Charlwood
NCI,674-93-0311,Thomasine Daintier
FL,319-87-6784,Dulcine Richie
MLI,733-97-8340,Roxana Wrotchford
VTWV,486-33-8677,Tandy Haythornthwaite
MMC,223-57-7323,Andrew Menendez
BCBP,781-27-3618,Kyle Cansdill
NMS,534-36-3380,Herbie Arter
ICLR,303-74-7844,Piggy Pudge
ONS,233-71-7061,Gavrielle Abramchik
MP^D,338-87-3005,Carolee Osbourne
SPXC,834-98-8322,Elsa Rogerot
EYES,131-12-5038,Derby Leyrroyd
FALN,173-84-3809,Rosemaria Moreinis
AMFW,539-92-6069,Steffane Goodier
PRU,147-25-1224,Petrina McGougan
HUN,881-72-1898,Charmian Dack
PERF,367-85-8785,Priscilla Baynton
PTX,112-77-3734,Leia Van Bruggen
MGP,236-51-2655,Israel Albasini
SSP,473-92-5955,Rudyard Baysting
BAC^D,432-73-0935,Dorri Kindleside
RP,710-37-9671,Sullivan Capron
CONN,258-35-9255,Xerxes Ferrieroi
UCTT,897-83-4577,Dorena Hitscher
CYAN,453-82-9955,Hercule Fibbens
ULTA,138-92-6816,Binky Redhole
ARMK,451-95-7931,Faustine Cody
BRKS,702-79-0337,Kris Tredwell
MHD,552-51-6681,Kristel McPeeters
TA,446-60-0987,Edin Spridgen
DTJ,650-63-6880,Sallyann Poynter
SIEN,563-60-1525,Ritchie Bielfelt
RIG,409-68-7305,Bord Cockshott
RDC,806-97-7698,Vin Goodyear
IFEU,846-04-1403,Garry Briskey
ADNT,392-45-3268,Pepita Leverton
KKR^B,207-28-2131,Carroll Gilluley
ASYS,240-73-5917,Milzie Frere
LDF,502-58-3654,Dionisio Wurst
FSFG,372-59-6916,Giavani Averall
BGR,320-17-7367,Cass Dmitr
TACT,319-84-9650,Warren Menear
AMOV,625-05-7387,Adoree Queen
JBL,278-99-7119,Cherye Earey
SRCE,267-95-9851,Sharl Tarply
SNE,150-34-0154,Tomas Caherny
LKSD,109-40-5402,Jeni Burg
MTGEP,345-53-7663,Kit Reedyhough
GOLD,600-16-1863,Tammie Spelwood
ODP,377-75-7163,Cyrillus Dennett
CFC^B,191-59-5516,Debbi Hacker
HTBX,795-29-0446,Starlin Manes
TLND,334-29-4083,Gerhard Chedgey
TLYS,720-48-1703,Sancho Skatcher
SPN,604-67-6450,Maxy Kirkam
ALXN,270-90-2610,Melisenda Reddings
COMM,508-85-5238,Maison Gerardeaux
BKD,283-92-9038,Dag Runsey
EPR^F,615-76-1070,Glenna Shouler
AMH^F,653-73-4930,Antoinette Schohier
BIOC,570-13-8982,Carolyne Bernadon
FEIM,709-40-4598,Moreen Smee
UEPS,575-56-1957,Katerine Pedrol
BTT,312-47-8859,Ursulina Nijssen
ENS,872-99-6738,Mariele Mounter
ETB,116-06-2324,Phil Dansken
NOAH,304-54-0197,Rosabella Morten
DDBI,591-30-3635,Raimund Fluit
EVF,643-45-3055,Judah Cameron
AVY,728-02-6717,Idalina Perott
TGEN,474-51-0383,Kyle Kibel
XNCR,728-57-5202,Gale Conquer
MTL,329-91-8970,Rees Neesam
CHSCN,678-42-1914,Tracie Wagenen
CWST,153-50-6213,Laney Morsey
WG,599-04-7164,Greer Baldinotti
AU,145-47-5284,Ibrahim Manuele
IBB,180-26-2786,Iain Taillard
ADSW,133-77-8978,Boy Jesteco
FBNC,432-49-7211,Teodoor Undrell
HRMNU,237-27-6625,Amalee Bulbrook
PRKR,168-09-0053,Roshelle Sharma
MOD,438-48-5608,Valaria Woller
PKW,407-13-2502,Simmonds Yuryichev
SRUNU,514-93-7656,Cate Dudenie
REIS,754-71-6000,Thelma Raith
HCOM,223-49-9779,Adrian Catchpole
BKEPP,899-61-9839,Dayna Klaggeman
CROX,879-62-3002,Evanne Bostock
POWI,673-71-1837,Herculie Wallice
STPP,497-81-4377,Adrianna Daintree
IXYS,681-08-6746,Mike Summerlee
TPGE.U,142-80-6845,Gayle Rumney
SHLM,551-66-1944,Stacee Benasik
PGC,680-63-1279,Marty Wroughton
MITT,491-30-8334,Reinhard Yukhtin
DYN,696-29-0919,Adan Beine
HI,641-66-1194,Jacquenetta Markushkin
LEDS,789-69-9121,Stace Musla
CWCO,371-79-1126,Giavani Rumgay
PYS,106-91-3557,Hunfredo McIlwain
KLXI,899-57-5718,Elmo Sam
GFA,802-42-2173,Darin Gilmour
KIM^K,463-85-1795,Bess Sykes
EXC,285-11-7437,Dian Roycraft
BBT,863-70-2864,Myca Dietmar
JCE,678-42-7825,Lorry Frensche
SWKS,680-19-7015,Thom Staden
RWLK,627-21-9288,Hilario Richfield
NURO,267-76-6326,Franchot Demoge
TCAP,652-20-4489,Lanette Sidwick
KEN,779-68-6505,Penelope Arkell
RF,694-23-2706,Francklyn Adie
SAL,772-31-3036,Marcile Thackham
BSTG,731-88-6589,Kalie Dairton
KO,172-94-1962,Roselin Halegarth
YHOO,287-82-3319,Catha Bromilow
SR,127-21-5176,Allene Weaving
OEC,786-86-2943,Terrell Diboll
TWN,661-54-5854,Dulcie Forbear
LN,827-28-5922,Woodrow Estcot
LGND,535-51-8207,Richmond Gwyllt
DLTH,115-88-2813,Dedie Ogg
PKO,637-36-3346,Ariella Zettoi
ENZL,495-63-5700,Augy Tussaine
OTIC,687-41-2963,Kienan Stanlike
PCTY,375-22-6753,Alli Gretham
SSB,301-76-6169,Gran Castel
BAC^L,387-36-2505,Mellie Murrish
IVTY,370-93-8789,Suzann Lothlorien
BT,171-71-7124,Tye Willmot
NVTA,809-71-6403,Katleen Tippett
STC,637-67-8689,Conchita Obert
PTGX,455-78-5361,Blondy Mattiazzi
HAFC,442-34-2688,Barth Coffin
CNBKA,390-92-8102,Torre Eckly
GM,462-23-9848,Jess McCome
BSM,555-55-2132,Octavius Blaszczyk
HST,865-71-4493,Seymour Cushelly
FNWB,266-09-2409,Kat Pennoni
CDNS,745-34-3101,Maryanne Bravington
GATX,694-43-7656,Cinderella Fearnall
NBR,803-10-4094,Roldan Ayrton
CVS,782-92-2181,Flossi Wakerley
WNS,137-34-7942,Janetta Robelet
BMCH,391-43-3361,Stan Foye
SCI,399-26-2199,Torrance Reffe
NXPI,514-29-1525,Byran McMechan
WOR,262-68-8324,Manfred Webborn
TRC,454-19-2488,Laverne Kingsmill
TEAR,176-01-3046,Germain Garrison
CVO,660-86-6512,Marylou Belasco
BWA,727-08-3670,Felizio Crowter
NPV,706-67-9043,Celka Clackson
HBHC,132-13-9863,Pavlov Alesi
AAT,702-70-1003,Gwenny Ilyenko
ZIONW,483-71-5350,Adiana Shyram
OIS,740-53-4870,Sallie Karlolczak
NM,476-53-0031,Finn Vinau
OFC^L.CL,249-44-0511,Sara Denney
HY,714-65-5745,Gordan Fawdry
THGA,415-34-0573,Jefferson Pickles
QQEW,768-33-2098,Halsy Brunn
RDI,832-08-4385,Elmo Bransgrove
MYGN,763-30-3341,Tansy Ludy
CACC,622-23-2398,Hannah Lenin
TUSK,329-99-0324,Faustine Muslim
VRTSP,444-67-1524,Kyle Kull
VJET,242-80-9154,Rolfe Mariault
CTY,655-94-2283,Tiphanie Coldbathe
EVTC,790-80-9281,Kimmie Sabbins
SRCLP,482-49-8618,Christa Jouannin
OFC,635-73-1399,Douglass Dugald
TDS,379-24-4306,Dayna Drinnan
AMRS,594-46-8118,Phedra Ghelardoni
HRI,868-56-5618,Josepha Carslaw
MNTA,415-61-6052,Che Emeney
NTB,898-81-0767,Wilhelmina Biss
FITBI,383-71-2260,Barbee Tukesby
MODN,565-19-1994,Lezley Gaymer
CTX,485-40-7447,Humfrid Roxburgh
CPAAW,790-65-6286,Juieta Brose
NAKD,330-09-4856,Fairfax Ianetti
LTC,297-22-1885,Noland Clace
UNM,308-94-4610,Flossi Sweetnam
AAWW,753-42-8977,Faustine Spurnier
ICFI,422-48-1665,Nonah Sands-Allan
PLPC,795-64-2942,Elissa Goodram
NMZ,203-22-2014,Dyana Ditter
PRTY,415-56-3290,Whitaker Cunrado
CIO^A,489-57-5971,Idelle Thominga
ALK,376-86-7427,Orrin Flounders
APAM,364-34-5332,Maryellen Moseley
CHTR,897-52-4541,Codee Coysh
CIO,339-15-5930,Datha Brevetor
PJH,131-38-0332,Xylia Tucsell
PRPH,881-30-0668,Amery Lorent
ESE,457-55-3106,Evvy McIlheran
FNFV,657-79-9463,Nari Caswell
GOODO,210-56-5249,Ker Sallier
MSGN,665-90-5276,Blanch Hamber
IDXG,319-99-7015,Hymie Bassett
TRV,291-66-8306,Gannie Dielhenn
NTRP,554-49-0862,Aridatha Gallen
KFRC,468-19-1071,Cullen Julian
MSLI,650-46-7362,Kitti Giraudeau
HPS,243-23-3767,Caria MacCosty
XTLY,257-53-3225,Roley Hallsworth
CVGI,718-56-9837,Kristo Swannie
H,407-93-8333,Tiffani Sheivels
CIT,533-01-2399,Shamus Steaning
DUK,312-08-8646,Bernadine Collet
ENIC,650-33-4604,Dillie Campa
LEXEA,454-31-9432,Karon Jaffa
CFCO,409-89-5128,David Sapsforde
LRCX,871-98-3560,Jaquith Thornally
HTD,408-26-6556,Louella Gecks
GNW,377-16-2483,Pyotr Emberson
MIXT,597-27-2570,Corenda Moriarty
RICE,171-68-5968,Gard Kemmet
ESND,112-36-6540,Shelli Haxby
FANG,668-23-5310,Venus Rucklesse
ORLY,222-09-3717,Whit Langston
PUB,668-50-8540,Gwendolyn Crufts
UNH,204-51-8600,Ansell Morrice
CMFN,453-60-9429,Davita Windas
TTOO,370-57-0985,Tobin Pepon
QADA,139-12-3528,Gwenni Dionisetti
AAME,369-56-5670,Jacintha Reaney
PSL,123-06-4724,Jude Skitterel
MCS,780-22-8250,Sibbie Copperwaite
EXTN,421-63-2138,Ree Mundall
VGM,139-67-0699,Ophelie O'Kennavain
ASPN,246-42-8128,Durant Maltman
FEYE,107-43-0014,Kimberley Manketell
JASO,566-25-6102,Basia Robinet
MRDN,142-68-3642,Dawn Karlowicz
TWLO,407-72-3202,Caresse Pykerman
BBF,833-98-4981,Gradeigh Burgill
MRT,521-59-1263,Jillane Bernhardt
SYMC,894-23-1864,Imelda Chilton
GOOS,472-04-7458,Cathi Schnitter
MARA,552-43-2841,Zak Keaysell
ISRL,571-60-7894,Guthrie Borgars
PRGS,631-68-0174,Nappie Trowsdall
ARR^A,533-53-9967,Jocelyn Leathart
GEVO,528-64-3867,Elwyn A'Barrow
INGR,350-58-9363,Gustav Birney
MFM,252-27-9167,Sheela McGuinness
III,216-25-7754,Adora Hollibone
INFI,628-56-1746,Kit Faithfull
DEX,309-11-9972,Millard Kennerley
FWONK,209-56-1930,Alberik Cauderlie
ORC,395-52-2379,Paola Gencke
AFSI,150-49-5033,Christophorus Crayton
GGP,580-38-2355,Car Jado
WFC^Q,655-67-1072,Zackariah Pinnock
ANIK,401-08-0543,Thedrick Haysham
C.WS.A,596-40-6268,Kevon Filochov
HBNC,748-32-0631,Muffin Brackstone
PSET,161-45-4060,Collette Southcombe
TNP^E,134-77-0580,Valentine de Marco
DWSN,709-07-7342,Constantia Lucy
SNES,442-81-2857,Aubree Capehorn
NWBI,100-81-0680,Ruprecht Minto
EOCC,235-73-9301,Germain Loudyan
CNX,661-21-7728,Reinhold Pohlke
PPBI,741-75-6434,Arman Antoszczyk
PLD,132-33-3498,Xaviera Tourner
GLMD,279-57-4136,Phillida Whyard
NPK,607-17-2878,Muhammad Gerriessen
BLD,266-23-2158,Shell Walesa
GIMO,482-54-4975,Devondra Hartegan
CIO^A,253-23-0514,Coop Heal
CHMI,526-44-2030,Harli Skypp
KRNY,869-31-5410,Abba Osmond
ABMD,182-61-2712,Deva Fills
ZB^H,421-27-6689,Felecia Matthewman
VVI,181-37-6240,Dido Heathcott
ACH,763-36-8064,Tomasine Escott
BTO,817-13-0588,Irvin Kinnock
LCAHW,567-03-9890,Randie Yankov
MNRO,163-48-8561,Stanfield McFarlan
PATI,331-36-2110,Ethelin Girling
WIT,731-84-2811,Mercy Benneton
WSFS,455-94-9019,Nadine Liell
JPM^A,434-63-3397,Antoinette Berryann
NSP,487-82-3627,Berte Driffe
PJH,538-40-8136,Nealy Sumbler
JBLU,385-11-0470,Trenton Navarro
MVCB,589-66-2568,Gleda Pixton
KEG,123-13-7023,Paddy Kluge
BNS,488-09-0773,Davie Mordey
LRGE,743-41-4231,Celestia Gredden
CTRE,109-10-5326,Farica Cyson
SPKE,320-48-4123,Minnnie Emanulsson
EVGN,318-82-8062,Nathan Garman
FSBW,735-26-1418,Byran Billanie
KMM,406-36-2701,Timotheus Syrett
RAS^B,200-43-2839,Cyrille Lowdham
SBOT,857-03-8521,Hedvige Jeskins
INCY,665-49-7219,Renie Dayton
HIL,250-27-8484,Torr Ainsworth
ESTE,590-51-5508,Lane Kiddy
EME,110-17-4465,Rosaline Saltern
FTSM,471-10-6333,Adrianne Rosel
IPAS,232-97-6850,Patrizia Lambrick
HYT,437-37-3018,Roze McKechnie
EOT,547-59-0682,Brok Carbery
MTB,150-27-1244,Analiese Ascroft
SNGX,436-27-1331,Hurleigh M'Chirrie
DS^B,508-77-9618,Sadye Airlie
KBWP,282-94-4773,Corry Kick
CRME,785-04-6861,Alasteir Jellis
SB^D,743-16-4583,Brendan Antonopoulos
CSLT,284-58-7950,Cleve Sansbury
FEM,377-61-2658,Deni Hebner
A,871-19-7115,Corene Haney
CACG,288-39-2733,Erhard Vertigan
ALG,527-44-7654,Carlie McVey
EVGBC,675-40-6806,Keenan Meads
ZNGA,605-54-6411,Leigh Dowey
DDR^A,633-39-4572,Thorstein Taleworth
ALL^D,206-80-1366,Lilla Ruberti
CMCT,845-98-7324,Bellanca Pawlata
PLXP,633-89-6426,Pat Silverthorne
GNC,175-82-7903,Lew Friend
DNI,845-55-6476,Margalit Scneider
FSZ,413-94-3767,Cathrin Vaugham
GFED,559-92-9274,Cornie Danielsohn
SLG,707-92-1772,Dar Olczyk
FCAP,408-90-7159,Timmy Cayle
PSA^T,136-41-9942,Alma Scholcroft
PSCH,621-50-0279,Kristoforo Banbrigge
SMP,536-82-3404,Wynnie Mathivet
FDP,107-05-4534,Elka Kubat
HOLI,233-16-5827,Bren Bernardeau
NANO,408-23-9171,Tasha McLane
FTXG,688-97-4043,Eden Curle
ARWR,752-22-0406,Elwood Dreinan
BBT^D,393-88-3392,Adella Kitchingham
OIIM,746-68-5722,Bekki Headan
VDSI,734-21-1939,Berny Moff
JCI,123-36-4796,Stephani Taft
UFCS,253-61-4480,Jodee Rousell
ARCO,668-61-9761,Warde Brasseur
TU,847-31-0644,Flor Freegard
ZSAN,483-35-3576,Bev Treppas
SAIC,358-57-2852,Norbie Tawse
BNJ,534-59-8565,Angelica Scotchbrook
IRM,623-04-7377,Ethelred Milsap
HAFC,417-78-5976,Zara Jowling
GTS,191-54-8643,Rosalinda MacNelly
PRXL,381-41-3968,Vicky Panichelli
IPCC,454-94-2931,Adrienne Kerwood
PENN,273-44-6698,Prudi MacLaig
MTGEP,262-99-2971,Johnath Waberer
CBD,882-05-1443,Felecia Desquesnes
CMPR,115-32-9686,Fern Samet
COHR,374-52-8921,Jaimie Lankford
WWD,621-01-8242,Tamiko McGarva
MP^D,269-14-0508,Hermina Attlee
WFC,143-20-7547,Fredek Geoghegan
HWCC,508-01-8115,Adrien Holsey
IDSA,811-56-0642,Anni Larwell
EDGE,605-49-0481,Phyllis Hackly
JBSS,152-79-9020,Ave Sympson
GBNK,636-49-2620,Marmaduke Giorgiutti
ONSIW,699-97-6480,Corrie Lowin
SAL,188-96-1158,Anallese Fellnee
GAB^G,890-45-5984,Devin Oseman
ABCO,323-21-8850,Thorpe Punter
NBN,130-37-0293,Nicolette Tressler
TATT,798-57-7202,Nikola Mackrill
STT^C,587-34-7436,Lorrayne Beek
NRG,389-34-8648,Mellie Chalice
UTMD,247-98-8955,Melinda Cud
HAS,370-90-2054,Otho Ladd
TOUR,650-54-6790,Angy Gosdin
CLBS,103-01-1722,Heddie Fadden
DAVE,285-12-5017,Rice Porson
WES,111-63-0982,Hermon Addicott
ALGN,164-23-8519,Genvieve McShane
MRK,404-80-0598,Fanni Van Arsdall
NEE^C,150-46-9603,Bale Bothram
WEN,475-56-8481,Teresita Pitkethly
MUR,850-27-6064,Shaina Searl
FWONK,860-74-6349,Clemence Osinin
PBIP,100-04-0721,Easter Winwright
A,211-13-5895,Base Velez
HIMX,583-70-4042,Riobard Ciccotto
WPXP,414-81-3832,Stillman Smyth
ONDK,162-38-7996,Sheridan Arnaud
CUNB,597-10-6348,Timmie Murrison
IHC,349-83-7322,Davin Claxton
NWY,767-55-8854,Brendan Kirsch
GJR,433-71-5908,Javier Sells
VCLT,734-59-2932,Donny Sowden
RARX,176-99-4547,Hilliary Latchford
FLXN,280-46-9265,Forster Ions
CPRX,491-38-0196,Harland Signori
SMTX,880-20-8565,Claudette Comins
GRPN,646-48-9301,Olin Blundell
LVHD,419-94-4391,Berky Stanistrete
PFH,103-79-5008,Gerry Wareham
DLR^I,847-21-3725,Lian Aisbett
COG,598-04-9197,Lissy Bullivent
ADUS,654-61-5899,Magdalene Hatliff
NYV,718-80-1241,Munroe Pyser
INF,885-42-0914,Car Bambury
SKYY,714-01-7254,Maribelle Gillino
NEE^C,823-33-1205,Ted Tierny
C,803-02-4906,Willi Mathevon
FNV,745-09-4129,Clara Pisco
OHAI,696-52-2837,Bret Newbegin
MYOV,714-15-7234,Anthony Harriman
NXEOW,419-34-1126,Rochella Kaufman
NVDQ,772-63-8158,Marta Tuvey
XENE,726-32-8975,Bryn Faircliff
HTGC,649-89-7038,Oona Dungate
EUFN,479-52-6099,Foss Greason
BHAC,656-05-5784,Gothart Totterdell
PERF,867-98-0455,Harmonia Waugh
SORL,364-48-7043,Bendix Rubanenko
CRD.B,844-53-3082,Milli Atthowe
RBC,617-38-7197,Iorgo Auchterlony
WHF,847-60-9237,Gwendolin Hagwood
FND,162-71-7629,Gabe Beccera
VLGEA,113-55-5841,Terence Grinyov
ST,684-99-7381,Herve Glasman
NXPI,569-28-3927,Elisha Leupoldt
ONB,513-27-3406,Jeniffer Sidsaff
RFIL,588-92-2240,Elvina Chugg
INTU,273-41-3807,Andros MacLucais
ABTL,557-76-9566,Robinia Allflatt
PSA^X,771-59-7885,Gavan Vanner
FMCIW,764-25-4143,Janenna Deniscke
TRNS,527-39-9742,Riley Hutcheon
BPMC,113-39-5308,Rebekkah Hegg
CPAC,637-34-6733,Ellissa Wilfinger
LITE,616-86-5997,Frannie Elam
LSXMK,486-11-7935,Jacquelin Lawrie
GJV,688-08-0159,Trent Rush
BEBE,829-63-1019,Esdras Perrottet
LNTH,644-06-6369,Sanders Bus
DLR,522-10-3987,Elayne Center
IMAX,414-48-4479,Erin Simecek
MDXG,513-76-2107,Normie MacSween
HTBX,693-05-5828,Lorianna Lippett
DLNG,714-16-2125,Fonz Blas
COF^F,697-01-5518,Mariele Illsley
KAP,202-46-1592,Symon McConnal
HELE,874-39-3898,Nikaniki Alty
FCSC,167-07-5281,Leesa Francescuccio
SSP,256-40-6517,Hildegaard Muttitt
DKT,242-93-1477,Carlee Plows
ORAN,654-42-0950,Dyan Thorwarth
CMRX,266-91-1590,Magnum Doleman
CXP,870-95-9603,Karoly Haster
ISG,623-73-4483,Guillaume Kelk
FCA,401-91-4154,Bliss Beakes
MVC,712-20-1728,Marc Colvin
CASI,686-99-4193,Arte Siseland
NVLS,527-28-6284,Sebastiano Bundy
ESSA,228-76-5078,Care Hundall
NIHD,429-55-4215,Chickie McGrudder
NRK,234-35-2490,Fey Snelman
ETO,631-54-5082,Axe Algate
SMED,453-60-3862,Allsun Gingell
IVR,829-34-0649,Jacquetta Tobin
FLWS,378-35-1304,Nicky Lis
PLYA,803-61-3158,Brandon Fazzioli
RGCO,126-28-3719,Olia Milsap
AQB,794-48-7132,Olympe Andrick
COO,355-73-4306,Arte Fairbeard
CSB,107-04-8156,Bob Kelway
MOXC,889-70-2135,Florette Assur
DLR^I,420-61-5708,Lorry Wayper
IDSY,349-79-0389,Fiona Blei
LAZ,211-85-9189,Reinold Apthorpe
TYG,557-80-4907,Dita Conti
LMOS,548-95-5191,Caril Brodie
MXPT,224-86-8784,Vin Orto
WVE,306-20-1715,Jaye Minger
NSS,189-92-6993,Giorgi Furney
ZB^G,326-36-2777,Ann-marie Menguy
QTEC,712-68-5776,Shauna Brunet
CRAY,157-55-6726,Lira Kubacek
JBN,544-35-9597,Jacinda Stempe
FTEK,349-89-8440,Lane Sparsholt
HOTRW,512-76-4623,Adara Castellet
GPIA,495-84-8858,Thorvald Fassbender
ESCA,432-67-6398,Garey McGill
FOSL,752-14-7198,Marysa Strangeway
SNI,350-90-3926,Mariellen Motion
GDDY,463-70-5225,Cristin Furby
QADA,691-57-2071,Gerik Dicken
DBD,399-85-0876,Bernice Armer
SFM,281-05-6570,Barrie McElree
EDBI,508-06-0800,Dru Stable
ERIC,378-69-0341,Alexei Wey
TRVG,538-83-6985,Pasquale MacAllen
CLB,272-74-9288,Crosby Jakeway
JSYNW,111-97-5896,Berta Diffley
LSI,889-51-6684,Arlen Brugman
RPXC,129-37-8562,Jasper McVeigh
VNOM,237-84-8867,Alfie Gaynsford
UMBF,626-94-6949,Gay Edgcombe
FUEL,417-62-1283,Jonathon Sandercroft
LTEA,877-03-5031,Elysia Byrnes
WMIH,685-89-3757,Tatiana Maciunas
TTC,248-26-1685,Carmela Zuanelli
AXDX,312-10-2512,Spike Sabathier
FCNCA,489-65-0162,Royce Hydes
ALJJ,492-30-8453,Ofelia Shoutt
BATRK,204-99-2158,Wald Cummins
CVV,464-01-0861,Nicolette Pieche
NR,750-23-7359,Kristan Portman
LRCX,431-30-3757,Francoise Wegenen
PGNX,579-02-1212,Kerry Vuittet
PAH,800-45-0349,Pavia Diess
DWIN,576-71-9209,Christoforo Jenicke
CRVL,779-73-5592,Ashlen Chattey
EXP,334-84-6269,Shane Cicetti
UBFO,710-72-0989,Bunni Grinyakin
CSGP,680-13-6461,Vladamir Georgeot
COMT,731-19-5267,Shayla Deathridge
UTHR,533-88-6590,Maggi Keeping
PHIIK,880-08-3744,Guenevere Gouldstraw
FMBH,749-05-4142,Hazel Tomaskunas
TMO,789-30-1345,Dexter Keighley
SAN^I,276-25-9380,Judith O'Corren
MUI,764-74-9854,Fritz Cardnell
HIX,322-11-9877,Horacio Dogg
LITE,240-89-3805,Melitta Gorrie
GES,340-20-2418,Tobiah Kington
RMT,294-90-8131,Bonita Skeath
DFBG,663-16-2748,Grantham Bertouloume
HES,644-77-1765,Noach Perot
BPI,856-13-0982,Nappy Antoinet
CORT,272-48-1781,Billie Douberday
FNGN,809-19-5570,Barbey McTeggart
FNTEU,131-41-2580,Ulberto Craigmile
TRU,647-68-7739,Leland Crowch
BMO,867-70-0032,Joice Daville
NXST,474-50-3082,Rosa Kunkel
PM,402-65-4176,Herbie Costigan
HCOM,223-98-3876,Dicky Hurch
CFO,511-94-6289,Garik Bloxsum
NEPT,500-84-0840,Sharon Gambie
TTEC,640-53-0430,Everard Menpes
NSSC,404-89-5052,Barby Gilstin
LUB,199-03-0875,Paulie Chagg
TATT,471-66-2284,Welby Richly
SRCL,146-95-4521,Jeanie Waddilove
CLACW,283-88-2561,Tessi Hawkeswood
MUA,219-14-2580,Davide Jakobssen
ASA,695-13-9218,Dante Drakes
TUSA,186-06-6813,Florri Younglove
ITGR,785-34-3260,Mariann Loudon
TLP,725-43-1363,Cacilia Van de Velde
DJCO,324-69-8360,Davey Croasdale
BBT^D,432-04-9170,Nesta Weald
SNSS,218-07-5251,Hewe Oldford
CFRX,453-61-9507,Ardis McCarthy
MNE,787-40-7804,Jessey Cretney
PRXL,784-59-4062,Bryant MacDowall
MCEF,782-90-8305,Gregg Rawsthorn
WVVIP,217-74-1585,Norean Vannozzii
TRTN,475-49-7720,Lemar Baline
DCO,800-16-3627,Olympie Faiers
DL,382-44-1402,Jobyna Nisard
SAR,303-63-6370,Dennie Rihosek
COGT,351-43-0948,Saundra Belleny
VTN,151-72-2681,Aldrich Dermot
IX,605-72-9196,Ronni Burchatt
UGI,828-46-1804,Kelly Carrick
BCS,296-42-8940,Rodolfo Simoens
JNP,407-69-9170,Netti Aris
PNI,183-84-5853,Gradey Brentnall
ABAC,848-31-2542,Karalynn McComiskie
PPT,296-45-5130,Alberta Brower
PSCC,276-64-0656,Waylin Finlry
FLXS,398-66-4483,Emmey Spiby
IRL,286-34-6493,Loralie Illes
TRI,885-62-5840,Leigh Grumble
SGZA,821-91-8101,Drusi Scouller
NMFC,721-57-9153,Noble Mantle
CAMT,289-62-4532,Stanislaw Tolworth
MATX,625-08-0893,Sonia Muscat
AHL^D,576-42-9946,Gian Petkovic
GOODM,826-27-2914,Renelle Yitzovitz
NODK,774-10-9946,Peder Ciubutaro
SRPT,840-92-0434,Mathias Skase
VR,576-43-7929,Alfred Seivwright
NTES,403-97-8279,Clark Mattson
KIM^I,176-94-7355,Aluin Finley
BLKB,239-82-0946,Isabel Billes
SCMP,553-02-4588,Alleen Bidewell
NTRS,809-93-0144,Bruis Jeal
DRAD,249-15-4922,Yoshiko Guntrip
BCR,304-43-0005,Standford Fallen
SRUN,573-03-1459,Brunhilde Ishak
GDEN,104-60-7863,Rycca Serrier
MCRI,162-14-3520,Winnah Brimilcombe
EQFN,848-84-4522,Candida Massimi
NANO,721-32-0092,Winny Fortun
DAKT,193-01-4272,Freddi Hanley
AMBCW,542-06-9215,Dorelle Hearle
NCBS,190-84-2008,Allx Dyball
NVMI,576-79-7047,Jeth Kirlin
CCO,706-19-3736,Isidore Tieman
MHN,324-85-0609,Ari Offin
CARO,742-65-2550,Christoper Brundle
WHLRP,891-77-5739,Teri Moyers
GJP,839-93-0212,Dianemarie Ackermann
HMC,138-82-4385,Ally Francisco
GBDC,355-36-6174,Purcell Treasaden
CHE,228-52-5269,Jenny Bath
CSS,339-25-8462,Wilhelm Charlet
CFC^B,126-31-6649,Gwenette Tofanelli
SNN,590-73-6568,Alvy Lowdiane
NHLD,895-56-9662,Andreana Kolakowski
GEF,882-82-3158,Mortie Marland
PTHN,714-15-0772,Neall Gainfort
CARA,115-35-7101,Rab Antonin
ARES^A,715-65-7702,Thomasin Smyth
RDS.B,557-31-4335,Arturo Merigon
PEB^C,891-86-3286,Matilde McTeggart
HMC,330-38-4072,Hilly McCreagh
SILC,325-56-7679,Hunt Morcomb
IMI,179-04-6918,North Livesley
BIP,558-93-1071,Graham Houson
LTRPA,621-30-3239,Kim Larvor
RMTI,309-69-9571,Susann Doylend
SCMP,751-65-4754,Phillis Castaneda
PSB^T,359-91-5828,Malcolm Littlejohn
SELF,357-41-9139,Faulkner Clemerson
ORAN,821-12-1288,Jaime Becarra
FC,145-05-4801,Betty Silcocks
LONE,210-77-4802,Elsy Tommis
LHCG,896-77-9916,Antonietta Streeton
KE,215-70-6395,Freddi Baistow
VLY^A,757-98-2310,Gianina Refford
MPVD,692-18-0001,Doralynne Arnholz
GIGA,223-49-3714,Rik Hunter
EVT,632-99-8113,Felicle Dale
AGFS,340-85-1587,Angeli Mattioli
ONCS,197-83-4639,Verena Morican
STLRU,395-72-0945,Westley Dufore
WTFCW,193-20-7743,Forest Magner
PSA^D,429-34-4788,Almeta Delacourt
PPC,506-23-7720,Bambi Nelm
MACQW,669-86-4009,Gasparo McCunn
VDSI,143-08-7691,Veronike Gueste
RBCAA,507-73-2093,Kassey Geill
BRS,389-51-1250,Jed Frow
OZRK,838-68-6565,Archy Tessington
RCKY,616-99-5154,Gaylene Dockreay
PSTG,381-73-7675,Juline Chowne
ITRI,134-85-1074,Fonsie Boyce
NSEC,195-24-0407,Estevan Benito
FRC^G,579-11-4242,Margarita MacGilfoyle
ISIG,681-71-3747,Krystal Jenicke
SBS,231-94-1565,Ruth Cattell
WMGI,673-24-5802,Kristan Shilburne
EPR^E,698-05-3678,Mignon Bartels-Ellis
VSAT,873-51-0249,Maurizia Roots
STNG,750-75-0512,Stormy Jirak
PRQR,706-04-9595,Nedi Farney
JKHY,638-23-3236,Dallon Lean
IGOV,456-35-5879,Rog Thirwell
ESE,880-70-4036,Bradly Wicklen
BAC,187-14-9134,Mariann Frantz
HCHC,238-07-3486,Janka Savage
FOR,251-36-2149,Berta Pote
GTY,819-06-7527,Nerita Nickless
TENX,810-41-2452,Zacharia Tolworth
MCO,701-74-2866,Tuck Cribbott
DK,240-30-0351,Althea Dumke
SANW,560-89-3156,Darwin Dikle
HTGM,573-69-0818,Maggie Sones
BETR,796-35-5472,Wolf Jolin
EWZS,750-81-2530,L;urette Aspey
FVC,390-16-0613,See Gerardin
IMOS,221-64-2678,Sid Ludwell
CVCY,510-05-0332,Fredrika Druett
NLY^C,346-15-9056,Maria Creenan
GHY,721-07-2908,Clerc Haworth
GRFS,420-58-1523,Cissy O'Howbane
ICFI,759-83-7786,Madelene Lamas
GRIF,473-46-8891,Sisely Organ
UTF,788-28-8437,Hersh Leare
ATKR,873-03-3084,Noemi Easter
CCK,462-92-5320,Marylinda Mangin
MPX,653-27-6757,Sylas Silk
UMH^A,739-42-5954,Glenda Slewcock
BCOR,407-59-3078,Gertrudis Gaitone
SXC,672-45-9476,Alfreda Goldstone
WMGIZ,162-08-4431,Delano Shillom
VRTSP,575-73-5618,Bethany Grishaev
DAVE,679-49-5142,Renelle Hoyles
ANGI,254-47-5973,Kenn Blabber
Z,625-33-1446,Mabel Cockshut
IBB,573-74-4045,Wolf Ridett
BBC,823-15-3253,Joanna Bretton
